{"stats":{"minecraft:crafted":{"minecraft:wooden_sword":1,"minecraft:oak_door":3,"minecraft:oak_planks":296,"minecraft:stone_shovel":1,"minecraft:furnace":1,"minecraft:flint_and_steel":2,"minecraft:iron_boots":1,"minecraft:iron_axe":1,"minecraft:stone_pickaxe":1,"minecraft:chest":2,"minecraft:wheat":216,"minecraft:wooden_shovel":1,"minecraft:crafting_table":4,"minecraft:wooden_pickaxe":1,"minecraft:iron_helmet":1,"minecraft:iron_sword":1,"minecraft:bucket":2,"minecraft:stone_axe":1,"minecraft:bread":61,"minecraft:white_wool":5,"minecraft:iron_chestplate":1,"minecraft:shield":1,"minecraft:stick":68,"minecraft:iron_ingot":79,"minecraft:iron_pickaxe":4,"minecraft:wooden_axe":1,"minecraft:stone_sword":1,"minecraft:iron_leggings":1,"minecraft:torch":168},"minecraft:dropped":{"minecraft:diorite":1,"minecraft:flint_and_steel":1,"minecraft:andesite":3,"minecraft:wooden_pickaxe":1},"minecraft:mined":{"minecraft:diamond_ore":15,"minecraft:white_bed":4,"minecraft:jungle_leaves":1,"minecraft:granite":5,"minecraft:jungle_planks":1,"minecraft:oxeye_daisy":1,"minecraft:spawner":3,"minecraft:hay_block":27,"minecraft:redstone_ore":1,"minecraft:furnace":1,"minecraft:iron_ore":135,"minecraft:fire":31,"byg:prairie_grass":1,"minecraft:andesite":13,"minecraft:vine":22,"minecraft:rail":31,"minecraft:oak_stairs":1,"byg:rocky_stone":4,"minecraft:stone":363,"byg:tall_prairie_grass":1,"minecraft:crafting_table":7,"minecraft:torch":14,"minecraft:poppy":1,"minecraft:tall_grass":2,"minecraft:cobblestone":15,"minecraft:lapis_ore":8,"minecraft:diorite":23,"minecraft:wall_torch":2,"minecraft:air":14,"byg:soapstone":1,"byg:scoria_stone":21,"byg:short_grass":7,"minecraft:jungle_fence":3,"minecraft:yellow_bed":2,"minecraft:grass":36,"minecraft:oak_log":75,"minecraft:coal_ore":194,"minecraft:gravel":13,"minecraft:dirt":2,"minecraft:cobweb":122,"minecraft:gold_ore":17},"minecraft:picked_up":{"minecraft:cocoa_beans":2,"byg:soapstone":1,"minecraft:crafting_table":7,"minecraft:wooden_pickaxe":1,"minecraft:oak_stairs":1,"minecraft:string":102,"minecraft:flint_and_steel":1,"minecraft:beef":16,"minecraft:poppy":1,"minecraft:minecart":1,"minecraft:chest":1,"minecraft:furnace":1,"minecraft:stick":31,"minecraft:torch":17,"minecraft:porkchop":14,"minecraft:diorite":22,"minecraft:redstone":4,"minecraft:arrow":5,"minecraft:hay_block":27,"minecraft:cobblestone":352,"minecraft:rail":51,"byg:rocky_stone":4,"minecraft:oxeye_daisy":1,"minecraft:andesite":7,"minecraft:leather":6,"minecraft:jungle_fence":3,"minecraft:flint":5,"minecraft:oak_log":90,"minecraft:yellow_bed":2,"minecraft:lapis_lazuli":54,"minecraft:dirt":2,"byg:scoria_cobblestone":16,"minecraft:bone":5,"minecraft:apple":3,"minecraft:wheat_seeds":5,"alexsmobs:cockroach_wing_fragment":2,"minecraft:iron_ingot":6,"minecraft:iron_ore":134,"minecraft:powered_rail":2,"minecraft:scaffolding":15,"minecraft:dandelion":1,"minecraft:gravel":8,"minecraft:jungle_planks":1,"minecraft:ink_sac":3,"minecraft:white_bed":3,"minecraft:gold_ore":34,"minecraft:spider_eye":3,"minecraft:diamond":15,"minecraft:granite":2,"minecraft:oak_sapling":24,"minecraft:coal":193},"minecraft:killed":{"minecraft:cave_spider":8,"minecraft:spider":3,"minecraft:skeleton":3,"minecraft:pig":7,"minecraft:villager":1,"minecraft:cow":8},"minecraft:custom":{"minecraft:interact_with_smithing_table":1,"minecraft:mob_kills":33,"minecraft:interact_with_crafting_table":35,"goblintraders:trade_with_goblin":30,"minecraft:bell_ring":8,"minecraft:leave_game":10,"minecraft:time_since_death":60934,"minecraft:climb_one_cm":31083,"minecraft:sprint_one_cm":250402,"minecraft:walk_one_cm":749014,"minecraft:drop":4,"minecraft:talked_to_villager":5,"minecraft:deaths":3,"minecraft:sneak_time":101,"minecraft:walk_under_water_one_cm":3950,"minecraft:jump":1731,"minecraft:walk_on_water_one_cm":31769,"minecraft:interact_with_furnace":13,"minecraft:play_one_minute":242752,"minecraft:sleep_in_bed":2,"minecraft:time_since_rest":7385,"minecraft:damage_taken":2359,"minecraft:damage_dealt":3177,"minecraft:fly_one_cm":33691,"minecraft:open_chest":19,"minecraft:crouch_one_cm":62,"tombstone:undead_killed":1,"minecraft:fall_one_cm":17301},"minecraft:broken":{"minecraft:stone_sword":1,"minecraft:stone_pickaxe":1,"minecraft:stone_axe":1,"minecraft:iron_pickaxe":2,"minecraft:wooden_axe":1},"minecraft:killed_by":{"minecraft:spider":1,"minecraft:cave_spider":2},"minecraft:used":{"minecraft:stone_sword":103,"minecraft:flint_and_steel":53,"minecraft:stone_shovel":8,"minecraft:chest":2,"minecraft:shield":12,"minecraft:iron_sword":135,"minecraft:wooden_shovel":11,"minecraft:oak_door":1,"minecraft:torch":166,"minecraft:wooden_axe":25,"minecraft:lava_bucket":39,"minecraft:iron_axe":3,"minecraft:furnace":1,"minecraft:oak_sapling":3,"tombstone:gift":4,"minecraft:diorite":11,"minecraft:stone_pickaxe":131,"minecraft:wooden_pickaxe":20,"byg:rocky_stone":3,"minecraft:crafting_table":11,"minecraft:white_bed":3,"minecraft:oak_log":72,"minecraft:apple":5,"minecraft:bread":29,"minecraft:iron_pickaxe":730,"minecraft:gravel":4,"minecraft:stone_axe":58,"minecraft:wooden_sword":64,"minecraft:cobblestone":49,"minecraft:bucket":41,"minecraft:andesite":2,"minecraft:yellow_bed":2,"minecraft:air":14}},"DataVersion":2586}