{"stats":{"minecraft:broken":{"minecraft:stone_pickaxe":1,"minecraft:wooden_axe":1},"minecraft:used":{"minecraft:stone_sword":38,"minecraft:stone_shovel":3,"minecraft:stone_pickaxe":131,"minecraft:chest":2,"minecraft:wooden_pickaxe":20,"byg:rocky_stone":3,"minecraft:wooden_shovel":11,"minecraft:oak_door":1,"minecraft:torch":43,"minecraft:crafting_table":5,"minecraft:white_bed":2,"minecraft:oak_log":72,"minecraft:wooden_axe":25,"minecraft:bread":11,"minecraft:iron_pickaxe":60,"minecraft:stone_axe":8,"minecraft:wooden_sword":64,"minecraft:cobblestone":1,"minecraft:furnace":1,"minecraft:oak_sapling":3,"minecraft:andesite":2,"minecraft:yellow_bed":2,"minecraft:air":14},"minecraft:killed":{"minecraft:pig":2,"minecraft:spider":3,"minecraft:skeleton":1,"minecraft:villager":1,"minecraft:cow":8},"minecraft:crafted":{"minecraft:wooden_sword":1,"minecraft:oak_door":3,"minecraft:oak_planks":184,"minecraft:wooden_shovel":1,"minecraft:stone_shovel":1,"minecraft:crafting_table":4,"minecraft:wooden_pickaxe":1,"minecraft:iron_sword":1,"minecraft:furnace":1,"minecraft:stone_axe":1,"minecraft:bread":30,"minecraft:shield":1,"minecraft:stick":36,"minecraft:iron_ingot":9,"minecraft:iron_pickaxe":2,"minecraft:stone_pickaxe":1,"minecraft:wooden_axe":1,"minecraft:stone_sword":1,"minecraft:chest":2,"minecraft:torch":64,"minecraft:wheat":90},"minecraft:mined":{"minecraft:white_bed":3,"minecraft:crafting_table":1,"minecraft:torch":13,"minecraft:poppy":1,"minecraft:tall_grass":2,"minecraft:wall_torch":2,"minecraft:air":14,"minecraft:hay_block":10,"byg:soapstone":1,"minecraft:iron_ore":15,"minecraft:andesite":2,"byg:prairie_grass":1,"minecraft:yellow_bed":2,"minecraft:grass":23,"minecraft:coal_ore":106,"minecraft:oak_log":75,"minecraft:oak_stairs":1,"minecraft:gravel":4,"byg:rocky_stone":3,"minecraft:stone":83},"minecraft:picked_up":{"byg:soapstone":1,"minecraft:crafting_table":1,"minecraft:andesite":2,"minecraft:leather":6,"minecraft:wooden_pickaxe":1,"minecraft:oak_stairs":1,"minecraft:flint":2,"minecraft:oak_log":90,"minecraft:yellow_bed":2,"minecraft:string":4,"minecraft:bone":2,"minecraft:apple":3,"minecraft:wheat_seeds":3,"minecraft:beef":16,"minecraft:iron_ore":15,"minecraft:poppy":1,"minecraft:stick":25,"minecraft:torch":15,"minecraft:gravel":2,"minecraft:porkchop":3,"minecraft:ink_sac":3,"minecraft:white_bed":2,"minecraft:arrow":1,"minecraft:hay_block":10,"minecraft:oak_sapling":24,"minecraft:coal":106,"byg:rocky_stone":3,"minecraft:cobblestone":81},"minecraft:dropped":{"minecraft:wooden_pickaxe":1},"minecraft:custom":{"minecraft:interact_with_smithing_table":1,"minecraft:interact_with_furnace":9,"minecraft:mob_kills":15,"minecraft:interact_with_crafting_table":16,"minecraft:play_one_minute":137515,"minecraft:bell_ring":8,"minecraft:leave_game":5,"minecraft:time_since_death":37633,"minecraft:sleep_in_bed":1,"minecraft:climb_one_cm":584,"minecraft:time_since_rest":21615,"minecraft:sprint_one_cm":92286,"minecraft:damage_taken":725,"minecraft:walk_one_cm":227279,"minecraft:drop":1,"minecraft:damage_dealt":1604,"minecraft:talked_to_villager":4,"minecraft:fly_one_cm":17295,"minecraft:open_chest":11,"minecraft:deaths":1,"minecraft:sneak_time":12,"minecraft:walk_under_water_one_cm":59,"minecraft:jump":647,"minecraft:walk_on_water_one_cm":15024,"minecraft:fall_one_cm":7401},"minecraft:killed_by":{"minecraft:spider":1}},"DataVersion":2586}