{"stats":{"minecraft:broken":{"minecraft:stone_pickaxe":1,"minecraft:stone_sword":1,"minecraft:stone_axe":1,"minecraft:iron_pickaxe":2,"minecraft:wooden_axe":1},"minecraft:mined":{"minecraft:diamond_ore":7,"minecraft:white_bed":4,"minecraft:crafting_table":5,"minecraft:torch":14,"minecraft:granite":2,"minecraft:poppy":1,"minecraft:tall_grass":2,"minecraft:cobblestone":10,"minecraft:lapis_ore":4,"minecraft:oxeye_daisy":1,"minecraft:diorite":13,"minecraft:wall_torch":2,"minecraft:spawner":2,"minecraft:air":14,"minecraft:hay_block":27,"byg:soapstone":1,"minecraft:redstone_ore":1,"byg:scoria_stone":16,"minecraft:furnace":1,"minecraft:iron_ore":85,"minecraft:fire":25,"byg:prairie_grass":1,"byg:short_grass":7,"minecraft:andesite":7,"minecraft:jungle_fence":3,"minecraft:yellow_bed":2,"minecraft:grass":36,"minecraft:oak_log":75,"minecraft:coal_ore":168,"minecraft:rail":9,"minecraft:vine":17,"minecraft:oak_stairs":1,"minecraft:gravel":10,"minecraft:dirt":2,"byg:rocky_stone":4,"minecraft:cobweb":92,"minecraft:stone":267,"minecraft:gold_ore":17,"byg:tall_prairie_grass":1},"minecraft:killed":{"minecraft:cave_spider":6,"minecraft:pig":7,"minecraft:spider":3,"minecraft:skeleton":2,"minecraft:villager":1,"minecraft:cow":8},"minecraft:crafted":{"minecraft:wooden_sword":1,"minecraft:oak_door":3,"minecraft:oak_planks":184,"minecraft:wooden_shovel":1,"minecraft:stone_shovel":1,"minecraft:crafting_table":4,"minecraft:wooden_pickaxe":1,"minecraft:iron_sword":1,"minecraft:furnace":1,"minecraft:bucket":1,"minecraft:stone_axe":1,"minecraft:bread":61,"minecraft:flint_and_steel":2,"minecraft:white_wool":5,"minecraft:shield":1,"minecraft:stick":36,"minecraft:iron_ingot":79,"minecraft:iron_pickaxe":2,"minecraft:stone_pickaxe":1,"minecraft:wooden_axe":1,"minecraft:stone_sword":1,"minecraft:chest":2,"minecraft:torch":104,"minecraft:wheat":216},"minecraft:killed_by":{"minecraft:cave_spider":2,"minecraft:spider":1},"minecraft:custom":{"minecraft:interact_with_smithing_table":1,"minecraft:interact_with_furnace":13,"minecraft:mob_kills":28,"minecraft:interact_with_crafting_table":27,"goblintraders:trade_with_goblin":30,"minecraft:play_one_minute":200957,"minecraft:bell_ring":8,"minecraft:leave_game":10,"minecraft:time_since_death":19139,"minecraft:sleep_in_bed":1,"minecraft:climb_one_cm":18719,"minecraft:time_since_rest":16938,"minecraft:sprint_one_cm":165014,"minecraft:damage_taken":1925,"minecraft:walk_one_cm":556746,"minecraft:drop":4,"minecraft:damage_dealt":2720,"minecraft:talked_to_villager":5,"minecraft:fly_one_cm":24168,"minecraft:open_chest":18,"minecraft:crouch_one_cm":62,"minecraft:deaths":3,"minecraft:sneak_time":26,"minecraft:walk_under_water_one_cm":3797,"minecraft:jump":1265,"minecraft:walk_on_water_one_cm":27085,"minecraft:fall_one_cm":10639},"minecraft:dropped":{"minecraft:flint_and_steel":1,"minecraft:diorite":1,"minecraft:andesite":3,"minecraft:wooden_pickaxe":1},"minecraft:picked_up":{"minecraft:crafting_table":5,"byg:soapstone":1,"minecraft:andesite":7,"minecraft:leather":6,"minecraft:jungle_fence":3,"minecraft:wooden_pickaxe":1,"minecraft:oak_stairs":1,"minecraft:flint":4,"minecraft:oak_log":90,"minecraft:yellow_bed":2,"minecraft:lapis_lazuli":27,"minecraft:dirt":2,"minecraft:string":88,"minecraft:flint_and_steel":1,"byg:scoria_cobblestone":16,"minecraft:bone":3,"minecraft:apple":3,"minecraft:wheat_seeds":5,"minecraft:iron_ingot":6,"minecraft:beef":16,"minecraft:iron_ore":85,"minecraft:poppy":1,"minecraft:furnace":1,"minecraft:stick":25,"minecraft:torch":16,"minecraft:dandelion":1,"minecraft:gravel":6,"minecraft:porkchop":14,"minecraft:diorite":13,"minecraft:ink_sac":3,"minecraft:white_bed":3,"minecraft:gold_ore":17,"minecraft:redstone":4,"minecraft:spider_eye":3,"minecraft:arrow":3,"minecraft:diamond":7,"minecraft:hay_block":27,"minecraft:granite":2,"minecraft:oak_sapling":24,"minecraft:rail":12,"minecraft:coal":167,"byg:rocky_stone":4,"minecraft:cobblestone":269,"minecraft:oxeye_daisy":1},"minecraft:used":{"minecraft:diorite":11,"minecraft:stone_sword":103,"minecraft:flint_and_steel":53,"minecraft:stone_pickaxe":131,"minecraft:stone_shovel":8,"minecraft:chest":2,"minecraft:wooden_pickaxe":20,"minecraft:shield":9,"minecraft:iron_sword":79,"minecraft:wooden_shovel":11,"byg:rocky_stone":3,"minecraft:oak_door":1,"minecraft:torch":120,"minecraft:crafting_table":8,"minecraft:white_bed":3,"minecraft:oak_log":72,"minecraft:wooden_axe":25,"minecraft:lava_bucket":14,"minecraft:bread":23,"minecraft:iron_pickaxe":486,"minecraft:gravel":2,"minecraft:stone_axe":58,"minecraft:wooden_sword":64,"minecraft:cobblestone":24,"minecraft:oak_sapling":3,"minecraft:furnace":1,"minecraft:bucket":15,"minecraft:andesite":2,"tombstone:gift":4,"minecraft:yellow_bed":2,"minecraft:air":14}},"DataVersion":2586}