{"stats":{"minecraft:crafted":{"minecraft:wooden_sword":1,"minecraft:oak_planks":144,"minecraft:wooden_shovel":1,"minecraft:stone_shovel":1,"minecraft:crafting_table":3,"minecraft:stick":36,"minecraft:wooden_pickaxe":1,"minecraft:stone_pickaxe":1,"minecraft:wooden_axe":1,"minecraft:stone_sword":1,"minecraft:chest":1,"minecraft:torch":64,"minecraft:stone_axe":1,"minecraft:bread":30,"minecraft:wheat":90},"minecraft:killed":{"minecraft:spider":2,"minecraft:villager":1,"minecraft:cow":8},"minecraft:used":{"minecraft:oak_log":30,"minecraft:wooden_axe":25,"minecraft:stone_pickaxe":68,"minecraft:chest":1,"minecraft:wooden_pickaxe":20,"minecraft:wooden_shovel":11,"minecraft:stone_axe":1,"minecraft:torch":32,"minecraft:wooden_sword":64,"minecraft:crafting_table":4,"minecraft:oak_sapling":3,"minecraft:yellow_bed":2,"minecraft:white_bed":1},"minecraft:picked_up":{"minecraft:stick":10,"minecraft:crafting_table":1,"minecraft:leather":6,"minecraft:wooden_pickaxe":1,"minecraft:oak_log":37,"minecraft:ink_sac":3,"minecraft:white_bed":1,"minecraft:yellow_bed":2,"minecraft:string":3,"minecraft:wheat_seeds":2,"minecraft:hay_block":10,"minecraft:beef":16,"minecraft:poppy":1,"minecraft:oak_sapling":15,"minecraft:coal":42,"minecraft:cobblestone":46},"minecraft:mined":{"minecraft:hay_block":10,"minecraft:white_bed":1,"minecraft:crafting_table":1,"minecraft:yellow_bed":2,"minecraft:grass":19,"minecraft:coal_ore":42,"minecraft:oak_log":32,"minecraft:poppy":1,"minecraft:tall_grass":2,"minecraft:stone":46},"minecraft:killed_by":{"minecraft:spider":1},"minecraft:broken":{"minecraft:wooden_axe":1},"minecraft:custom":{"minecraft:interact_with_smithing_table":1,"minecraft:time_since_rest":14376,"minecraft:sprint_one_cm":70875,"minecraft:damage_taken":285,"minecraft:walk_one_cm":130336,"minecraft:mob_kills":11,"minecraft:drop":1,"minecraft:damage_dealt":1111,"minecraft:talked_to_villager":4,"minecraft:interact_with_crafting_table":10,"minecraft:fly_one_cm":10333,"minecraft:open_chest":5,"minecraft:play_one_minute":113903,"minecraft:deaths":1,"minecraft:sneak_time":12,"minecraft:bell_ring":8,"minecraft:jump":338,"minecraft:leave_game":5,"minecraft:walk_on_water_one_cm":1553,"minecraft:time_since_death":14021,"minecraft:climb_one_cm":584,"minecraft:fall_one_cm":3849},"minecraft:dropped":{"minecraft:wooden_pickaxe":1}},"DataVersion":2586}