{"stats":{"minecraft:crafted":{"minecraft:chest":1,"minecraft:wooden_sword":1,"minecraft:oak_planks":52,"minecraft:crafting_table":2,"minecraft:stick":8,"minecraft:wooden_axe":1},"minecraft:killed":{"minecraft:villager":1},"minecraft:used":{"minecraft:oak_log":12,"minecraft:wooden_axe":1,"minecraft:crafting_table":2,"minecraft:chest":1,"minecraft:yellow_bed":2,"minecraft:white_bed":1},"minecraft:picked_up":{"minecraft:stick":7,"minecraft:wooden_pickaxe":1,"minecraft:oak_log":14,"minecraft:white_bed":1,"minecraft:yellow_bed":2,"minecraft:oak_sapling":12},"minecraft:mined":{"minecraft:oak_log":14,"minecraft:white_bed":1,"minecraft:yellow_bed":2},"minecraft:killed_by":{"minecraft:spider":1},"minecraft:custom":{"minecraft:open_chest":1,"minecraft:time_since_rest":236,"minecraft:interact_with_smithing_table":1,"minecraft:deaths":1,"minecraft:play_one_minute":99763,"minecraft:sprint_one_cm":32261,"minecraft:damage_taken":245,"minecraft:walk_one_cm":66081,"minecraft:sneak_time":12,"minecraft:bell_ring":8,"minecraft:mob_kills":1,"minecraft:drop":1,"minecraft:jump":218,"minecraft:damage_dealt":132,"minecraft:leave_game":4,"minecraft:walk_on_water_one_cm":555,"minecraft:time_since_death":0,"minecraft:climb_one_cm":584,"minecraft:interact_with_crafting_table":3,"minecraft:talked_to_villager":4,"minecraft:fall_one_cm":2328,"minecraft:fly_one_cm":5471},"minecraft:dropped":{"minecraft:wooden_pickaxe":1}},"DataVersion":2586}