{"stats":{"minecraft:killed":{"minecraft:villager":1},"minecraft:used":{"minecraft:yellow_bed":2,"minecraft:white_bed":1},"minecraft:picked_up":{"minecraft:wooden_pickaxe":1,"minecraft:white_bed":1,"minecraft:yellow_bed":2},"minecraft:mined":{"minecraft:white_bed":1,"minecraft:yellow_bed":2},"minecraft:custom":{"minecraft:time_since_rest":83691,"minecraft:interact_with_smithing_table":1,"minecraft:play_one_minute":83691,"minecraft:sprint_one_cm":26148,"minecraft:damage_taken":180,"minecraft:walk_one_cm":47490,"minecraft:sneak_time":12,"minecraft:bell_ring":8,"minecraft:mob_kills":1,"minecraft:drop":1,"minecraft:jump":163,"minecraft:damage_dealt":31,"minecraft:leave_game":3,"minecraft:time_since_death":83691,"minecraft:climb_one_cm":584,"minecraft:talked_to_villager":4,"minecraft:fall_one_cm":1525,"minecraft:fly_one_cm":3838},"minecraft:dropped":{"minecraft:wooden_pickaxe":1}},"DataVersion":2586}