{"stats":{"minecraft:broken":{"minecraft:wooden_axe":1},"minecraft:used":{"minecraft:oak_log":30,"minecraft:wooden_axe":25,"minecraft:stone_sword":20,"minecraft:bread":10,"minecraft:stone_pickaxe":98,"minecraft:chest":1,"minecraft:wooden_pickaxe":20,"minecraft:wooden_shovel":11,"minecraft:stone_axe":2,"minecraft:torch":34,"minecraft:wooden_sword":64,"minecraft:crafting_table":4,"minecraft:oak_sapling":3,"minecraft:white_bed":1,"minecraft:yellow_bed":2},"minecraft:crafted":{"minecraft:wooden_sword":1,"minecraft:oak_planks":144,"minecraft:wooden_shovel":1,"minecraft:stone_shovel":1,"minecraft:crafting_table":3,"minecraft:stick":36,"minecraft:wooden_pickaxe":1,"minecraft:stone_pickaxe":1,"minecraft:wooden_axe":1,"minecraft:stone_sword":1,"minecraft:chest":1,"minecraft:torch":64,"minecraft:stone_axe":1,"minecraft:bread":30,"minecraft:wheat":90},"minecraft:killed":{"minecraft:skeleton":1,"minecraft:spider":3,"minecraft:villager":1,"minecraft:cow":8},"minecraft:picked_up":{"minecraft:stick":10,"minecraft:crafting_table":1,"minecraft:leather":6,"minecraft:torch":9,"minecraft:wooden_pickaxe":1,"minecraft:oak_stairs":1,"minecraft:flint":1,"minecraft:oak_log":37,"minecraft:ink_sac":3,"minecraft:yellow_bed":2,"minecraft:white_bed":2,"minecraft:string":4,"minecraft:arrow":1,"minecraft:bone":2,"minecraft:wheat_seeds":2,"minecraft:hay_block":10,"minecraft:beef":16,"minecraft:poppy":1,"minecraft:oak_sapling":15,"minecraft:coal":69,"minecraft:cobblestone":48},"minecraft:mined":{"minecraft:hay_block":10,"minecraft:white_bed":3,"minecraft:torch":9,"minecraft:yellow_bed":2,"minecraft:crafting_table":1,"minecraft:grass":21,"minecraft:oak_log":32,"minecraft:coal_ore":69,"minecraft:poppy":1,"minecraft:oak_stairs":1,"minecraft:gravel":1,"minecraft:tall_grass":2,"minecraft:stone":48},"minecraft:dropped":{"minecraft:wooden_pickaxe":1},"minecraft:custom":{"minecraft:interact_with_furnace":2,"minecraft:time_since_rest":9615,"minecraft:interact_with_smithing_table":1,"minecraft:sprint_one_cm":88229,"minecraft:damage_taken":705,"minecraft:walk_one_cm":187718,"minecraft:mob_kills":13,"minecraft:drop":1,"minecraft:damage_dealt":1403,"minecraft:interact_with_crafting_table":10,"minecraft:talked_to_villager":4,"minecraft:fly_one_cm":13359,"minecraft:open_chest":7,"minecraft:play_one_minute":125515,"minecraft:deaths":1,"minecraft:bell_ring":8,"minecraft:sneak_time":12,"minecraft:jump":512,"minecraft:sleep_in_bed":1,"minecraft:leave_game":5,"minecraft:time_since_death":25633,"minecraft:walk_on_water_one_cm":5009,"minecraft:climb_one_cm":584,"minecraft:fall_one_cm":6310},"minecraft:killed_by":{"minecraft:spider":1}},"DataVersion":2586}