{"stats":{"minecraft:custom":{"minecraft:interact_with_smithing_table":1,"minecraft:interact_with_anvil":1,"minecraft:mob_kills":50,"minecraft:interact_with_crafting_table":44,"goblintraders:trade_with_goblin":30,"minecraft:bell_ring":8,"minecraft:leave_game":11,"minecraft:time_since_death":128814,"minecraft:climb_one_cm":31301,"minecraft:sprint_one_cm":382759,"minecraft:walk_one_cm":961694,"minecraft:drop":10,"minecraft:talked_to_villager":5,"minecraft:deaths":3,"minecraft:sneak_time":174,"minecraft:walk_under_water_one_cm":13639,"minecraft:jump":2036,"minecraft:walk_on_water_one_cm":38160,"minecraft:interact_with_furnace":40,"minecraft:play_one_minute":310632,"minecraft:sleep_in_bed":2,"minecraft:time_since_rest":75265,"minecraft:damage_taken":2665,"minecraft:damage_dealt":4391,"minecraft:fly_one_cm":57697,"minecraft:open_chest":31,"minecraft:crouch_one_cm":272,"tombstone:undead_killed":8,"minecraft:fall_one_cm":19899},"minecraft:used":{"minecraft:stone_sword":103,"minecraft:iron_shovel":1,"minecraft:flint_and_steel":53,"minecraft:stone_shovel":11,"minecraft:chest":3,"minecraft:shield":12,"minecraft:stone":75,"minecraft:iron_sword":164,"minecraft:wooden_shovel":11,"minecraft:oak_door":2,"minecraft:torch":182,"minecraft:granite":12,"minecraft:wooden_axe":25,"minecraft:lava_bucket":41,"minecraft:iron_axe":104,"minecraft:stone_bricks":106,"minecraft:scaffolding":1,"minecraft:furnace":3,"minecraft:oak_sapling":3,"tombstone:gift":4,"minecraft:water_bucket":1,"minecraft:diorite":11,"minecraft:polished_andesite":21,"minecraft:stone_pickaxe":131,"minecraft:oak_planks":4,"minecraft:wooden_pickaxe":20,"byg:rocky_stone":10,"minecraft:cracked_stone_bricks":10,"minecraft:lime_bed":2,"minecraft:crafting_table":12,"minecraft:white_bed":3,"minecraft:oak_log":72,"minecraft:apple":7,"minecraft:bread":37,"minecraft:iron_pickaxe":1224,"minecraft:gravel":4,"minecraft:chiseled_stone_bricks":51,"minecraft:stone_axe":58,"minecraft:wooden_sword":64,"minecraft:cobblestone":117,"minecraft:bucket":44,"minecraft:andesite":8,"minecraft:yellow_bed":2,"minecraft:air":14},"minecraft:dropped":{"minecraft:wheat_seeds":4,"minecraft:iron_helmet":1,"minecraft:diorite":1,"tombstone:magic_scroll":1,"tombstone:grave_dust":1,"minecraft:polished_andesite_stairs":2,"minecraft:flint_and_steel":1,"minecraft:andesite":3,"minecraft:wooden_pickaxe":1},"minecraft:broken":{"minecraft:stone_sword":1,"minecraft:stone_pickaxe":1,"minecraft:stone_axe":1,"minecraft:iron_sword":1,"minecraft:iron_pickaxe":4,"minecraft:wooden_axe":1},"minecraft:killed":{"minecraft:cave_spider":8,"minecraft:spider":3,"minecraft:skeleton":10,"minecraft:pig":7,"minecraft:squid":7,"minecraft:sheep":1,"minecraft:villager":1,"minecraft:cow":10},"minecraft:mined":{"minecraft:diamond_ore":15,"minecraft:white_bed":4,"minecraft:andesite_stairs":4,"minecraft:jungle_leaves":1,"minecraft:granite":17,"minecraft:grass_block":2,"minecraft:jungle_planks":1,"minecraft:oxeye_daisy":1,"minecraft:chiseled_stone_bricks":55,"minecraft:spawner":3,"minecraft:hay_block":27,"minecraft:tall_seagrass":1,"minecraft:redstone_ore":1,"minecraft:furnace":1,"minecraft:iron_ore":147,"minecraft:fire":31,"byg:prairie_grass":2,"minecraft:andesite":28,"minecraft:vine":22,"minecraft:rail":31,"minecraft:oak_stairs":15,"minecraft:iron_bars":4,"byg:rocky_stone":16,"minecraft:stone":609,"byg:tall_prairie_grass":1,"minecraft:scaffolding":1,"minecraft:crafting_table":7,"minecraft:torch":14,"minecraft:polished_andesite_stairs":10,"minecraft:poppy":1,"minecraft:tall_grass":2,"minecraft:cobblestone":31,"minecraft:lapis_ore":8,"minecraft:oak_planks":26,"minecraft:diorite":27,"minecraft:wall_torch":2,"minecraft:air":14,"minecraft:lime_bed":2,"byg:soapstone":1,"byg:scoria_stone":37,"byg:short_grass":10,"minecraft:jungle_fence":3,"minecraft:yellow_bed":2,"minecraft:grass":55,"minecraft:oak_log":87,"minecraft:coal_ore":194,"minecraft:gravel":13,"minecraft:dirt":2,"minecraft:cobweb":122,"minecraft:cracked_stone_bricks":22,"minecraft:stone_bricks":13,"minecraft:polished_andesite":48,"minecraft:gold_ore":17},"minecraft:picked_up":{"minecraft:cocoa_beans":2,"byg:soapstone":1,"minecraft:crafting_table":7,"minecraft:wooden_pickaxe":1,"minecraft:oak_stairs":15,"minecraft:string":102,"minecraft:flint_and_steel":1,"minecraft:cracked_stone_bricks":19,"minecraft:beef":20,"minecraft:andesite_stairs":2,"minecraft:poppy":1,"minecraft:minecart":1,"minecraft:chest":1,"minecraft:furnace":1,"minecraft:stick":31,"minecraft:torch":21,"minecraft:porkchop":14,"tombstone:grave_dust":2,"minecraft:diorite":26,"minecraft:redstone":4,"minecraft:arrow":5,"minecraft:stone_shovel":1,"minecraft:hay_block":27,"minecraft:iron_bars":4,"minecraft:mutton":2,"minecraft:white_wool":1,"minecraft:cobblestone":614,"minecraft:rail":51,"byg:rocky_stone":16,"minecraft:oxeye_daisy":1,"minecraft:lime_bed":2,"minecraft:andesite":22,"minecraft:leather":6,"minecraft:jungle_fence":3,"minecraft:flint":5,"minecraft:oak_log":102,"minecraft:yellow_bed":2,"minecraft:lapis_lazuli":54,"minecraft:dirt":4,"byg:scoria_cobblestone":32,"minecraft:bone":6,"minecraft:apple":3,"minecraft:stone_bricks":13,"minecraft:bow":1,"minecraft:wheat_seeds":12,"alexsmobs:cockroach_wing_fragment":2,"minecraft:iron_ingot":6,"minecraft:iron_ore":146,"tombstone:bag_of_seeds":1,"minecraft:powered_rail":2,"minecraft:oak_planks":26,"minecraft:polished_andesite_stairs":7,"minecraft:scaffolding":16,"minecraft:chiseled_stone_bricks":55,"minecraft:dandelion":1,"minecraft:gravel":8,"minecraft:jungle_planks":1,"minecraft:ink_sac":13,"minecraft:white_bed":3,"minecraft:gold_ore":34,"minecraft:spider_eye":3,"minecraft:polished_andesite":39,"minecraft:diamond":15,"minecraft:granite":14,"tombstone:magic_scroll":1,"minecraft:oak_sapling":24,"minecraft:coal":193},"minecraft:killed_by":{"minecraft:spider":1,"minecraft:cave_spider":2},"minecraft:crafted":{"minecraft:wooden_sword":1,"minecraft:oak_door":6,"minecraft:oak_planks":296,"minecraft:stone_shovel":1,"minecraft:furnace":3,"minecraft:stone":183,"minecraft:flint_and_steel":2,"minecraft:iron_boots":1,"minecraft:iron_axe":1,"minecraft:stone_pickaxe":1,"minecraft:chest":2,"minecraft:stone_bricks":44,"minecraft:wheat":216,"minecraft:wooden_shovel":1,"minecraft:crafting_table":5,"minecraft:wooden_pickaxe":1,"minecraft:iron_helmet":1,"minecraft:iron_sword":1,"minecraft:bucket":2,"minecraft:stone_axe":1,"minecraft:bread":61,"minecraft:white_wool":5,"minecraft:iron_chestplate":1,"minecraft:shield":1,"minecraft:stick":68,"minecraft:iron_ingot":87,"minecraft:iron_pickaxe":5,"minecraft:wooden_axe":1,"minecraft:stone_sword":1,"minecraft:iron_leggings":1,"minecraft:torch":168}},"DataVersion":2586}