{"stats":{"minecraft:broken":{"minecraft:stone_pickaxe":1,"minecraft:iron_pickaxe":1,"minecraft:wooden_axe":1},"minecraft:mined":{"minecraft:white_bed":4,"minecraft:crafting_table":3,"minecraft:torch":14,"minecraft:granite":2,"minecraft:poppy":1,"minecraft:tall_grass":2,"minecraft:lapis_ore":4,"minecraft:oxeye_daisy":1,"minecraft:diorite":12,"minecraft:wall_torch":2,"minecraft:air":14,"minecraft:hay_block":27,"byg:soapstone":1,"byg:scoria_stone":16,"minecraft:furnace":1,"minecraft:iron_ore":42,"byg:prairie_grass":1,"byg:short_grass":7,"minecraft:andesite":4,"minecraft:jungle_fence":2,"minecraft:yellow_bed":2,"minecraft:grass":36,"minecraft:oak_log":75,"minecraft:coal_ore":155,"minecraft:vine":11,"minecraft:oak_stairs":1,"minecraft:gravel":8,"minecraft:dirt":2,"byg:rocky_stone":4,"minecraft:cobweb":1,"minecraft:stone":258,"byg:tall_prairie_grass":1},"minecraft:killed":{"minecraft:pig":7,"minecraft:spider":3,"minecraft:skeleton":2,"minecraft:villager":1,"minecraft:cow":8},"minecraft:crafted":{"minecraft:wooden_sword":1,"minecraft:oak_door":3,"minecraft:oak_planks":184,"minecraft:wooden_shovel":1,"minecraft:stone_shovel":1,"minecraft:crafting_table":4,"minecraft:wooden_pickaxe":1,"minecraft:iron_sword":1,"minecraft:furnace":1,"minecraft:stone_axe":1,"minecraft:bread":61,"minecraft:flint_and_steel":2,"minecraft:shield":1,"minecraft:stick":36,"minecraft:iron_ingot":19,"minecraft:iron_pickaxe":2,"minecraft:stone_pickaxe":1,"minecraft:wooden_axe":1,"minecraft:stone_sword":1,"minecraft:chest":2,"minecraft:torch":64,"minecraft:wheat":216},"minecraft:killed_by":{"minecraft:spider":1},"minecraft:custom":{"minecraft:interact_with_smithing_table":1,"minecraft:interact_with_furnace":13,"minecraft:mob_kills":21,"minecraft:interact_with_crafting_table":25,"minecraft:play_one_minute":168551,"minecraft:bell_ring":8,"minecraft:leave_game":10,"minecraft:time_since_death":68669,"minecraft:sleep_in_bed":1,"minecraft:climb_one_cm":6956,"minecraft:time_since_rest":52651,"minecraft:sprint_one_cm":140442,"minecraft:damage_taken":785,"minecraft:walk_one_cm":362456,"minecraft:drop":1,"minecraft:damage_dealt":2282,"minecraft:talked_to_villager":5,"minecraft:fly_one_cm":22207,"minecraft:open_chest":18,"minecraft:crouch_one_cm":1,"minecraft:deaths":1,"minecraft:sneak_time":16,"minecraft:walk_under_water_one_cm":3797,"minecraft:jump":1005,"minecraft:walk_on_water_one_cm":23672,"minecraft:fall_one_cm":10381},"minecraft:dropped":{"minecraft:wooden_pickaxe":1},"minecraft:picked_up":{"minecraft:crafting_table":3,"byg:soapstone":1,"minecraft:andesite":4,"minecraft:leather":6,"minecraft:jungle_fence":2,"minecraft:wooden_pickaxe":1,"minecraft:oak_stairs":1,"minecraft:flint":4,"minecraft:oak_log":90,"minecraft:yellow_bed":2,"minecraft:lapis_lazuli":27,"minecraft:dirt":2,"minecraft:string":5,"byg:scoria_cobblestone":16,"minecraft:bone":3,"minecraft:apple":3,"minecraft:wheat_seeds":5,"minecraft:beef":16,"minecraft:iron_ore":42,"minecraft:poppy":1,"minecraft:furnace":1,"minecraft:stick":25,"minecraft:torch":16,"minecraft:dandelion":1,"minecraft:gravel":4,"minecraft:porkchop":14,"minecraft:diorite":12,"minecraft:ink_sac":3,"minecraft:white_bed":3,"minecraft:arrow":3,"minecraft:hay_block":27,"minecraft:granite":2,"minecraft:oak_sapling":24,"minecraft:coal":154,"byg:rocky_stone":4,"minecraft:cobblestone":251,"minecraft:oxeye_daisy":1},"minecraft:used":{"minecraft:diorite":11,"minecraft:stone_sword":67,"minecraft:stone_pickaxe":131,"minecraft:stone_shovel":7,"minecraft:chest":2,"minecraft:wooden_pickaxe":20,"minecraft:shield":3,"minecraft:wooden_shovel":11,"byg:rocky_stone":3,"minecraft:oak_door":1,"minecraft:torch":80,"minecraft:crafting_table":6,"minecraft:white_bed":3,"minecraft:oak_log":72,"minecraft:wooden_axe":25,"minecraft:bread":12,"minecraft:iron_pickaxe":355,"minecraft:gravel":2,"minecraft:stone_axe":57,"minecraft:wooden_sword":64,"minecraft:cobblestone":7,"minecraft:oak_sapling":3,"minecraft:furnace":1,"minecraft:andesite":2,"minecraft:yellow_bed":2,"minecraft:air":14}},"DataVersion":2586}