{"stats":{"minecraft:killed":{"minecraft:pig":7,"minecraft:spider":3,"minecraft:skeleton":2,"minecraft:villager":1,"minecraft:cow":8},"minecraft:crafted":{"minecraft:wooden_sword":1,"minecraft:oak_door":3,"minecraft:oak_planks":184,"minecraft:wooden_shovel":1,"minecraft:stone_shovel":1,"minecraft:crafting_table":4,"minecraft:wooden_pickaxe":1,"minecraft:iron_sword":1,"minecraft:furnace":1,"minecraft:stone_axe":1,"minecraft:bread":61,"minecraft:flint_and_steel":2,"minecraft:shield":1,"minecraft:stick":36,"minecraft:iron_ingot":19,"minecraft:iron_pickaxe":2,"minecraft:stone_pickaxe":1,"minecraft:wooden_axe":1,"minecraft:stone_sword":1,"minecraft:chest":2,"minecraft:torch":64,"minecraft:wheat":216},"minecraft:used":{"minecraft:stone_sword":59,"minecraft:stone_pickaxe":131,"minecraft:stone_shovel":3,"minecraft:wooden_pickaxe":20,"minecraft:chest":2,"minecraft:shield":3,"byg:rocky_stone":3,"minecraft:wooden_shovel":11,"minecraft:oak_door":1,"minecraft:torch":51,"minecraft:crafting_table":6,"minecraft:white_bed":3,"minecraft:oak_log":72,"minecraft:wooden_axe":25,"minecraft:bread":12,"minecraft:iron_pickaxe":200,"minecraft:stone_axe":55,"minecraft:wooden_sword":64,"minecraft:cobblestone":2,"minecraft:furnace":1,"minecraft:oak_sapling":3,"minecraft:andesite":2,"minecraft:yellow_bed":2,"minecraft:air":14},"minecraft:broken":{"minecraft:stone_pickaxe":1,"minecraft:wooden_axe":1},"minecraft:mined":{"minecraft:white_bed":4,"minecraft:crafting_table":3,"minecraft:torch":14,"minecraft:granite":2,"minecraft:poppy":1,"minecraft:tall_grass":2,"minecraft:diorite":11,"minecraft:oxeye_daisy":1,"minecraft:wall_torch":2,"minecraft:air":14,"minecraft:hay_block":27,"byg:soapstone":1,"byg:scoria_stone":8,"minecraft:furnace":1,"minecraft:iron_ore":35,"byg:prairie_grass":1,"byg:short_grass":7,"minecraft:andesite":4,"minecraft:yellow_bed":2,"minecraft:grass":36,"minecraft:oak_log":75,"minecraft:coal_ore":142,"minecraft:oak_stairs":1,"minecraft:gravel":4,"minecraft:dirt":2,"byg:rocky_stone":3,"minecraft:stone":139,"byg:tall_prairie_grass":1},"minecraft:killed_by":{"minecraft:spider":1},"minecraft:picked_up":{"minecraft:crafting_table":3,"byg:soapstone":1,"minecraft:andesite":4,"minecraft:leather":6,"minecraft:wooden_pickaxe":1,"minecraft:oak_stairs":1,"minecraft:flint":2,"minecraft:oak_log":90,"minecraft:yellow_bed":2,"minecraft:dirt":2,"minecraft:string":4,"byg:scoria_cobblestone":8,"minecraft:bone":3,"minecraft:apple":3,"minecraft:wheat_seeds":5,"minecraft:beef":16,"minecraft:iron_ore":35,"minecraft:poppy":1,"minecraft:furnace":1,"minecraft:stick":25,"minecraft:torch":16,"minecraft:dandelion":1,"minecraft:gravel":2,"minecraft:porkchop":14,"minecraft:ink_sac":3,"minecraft:diorite":11,"minecraft:white_bed":3,"minecraft:arrow":3,"minecraft:hay_block":27,"minecraft:granite":2,"minecraft:oak_sapling":24,"minecraft:coal":141,"byg:rocky_stone":3,"minecraft:cobblestone":135,"minecraft:oxeye_daisy":1},"minecraft:dropped":{"minecraft:wooden_pickaxe":1},"minecraft:custom":{"minecraft:interact_with_smithing_table":1,"minecraft:interact_with_furnace":13,"minecraft:mob_kills":21,"minecraft:interact_with_crafting_table":25,"minecraft:play_one_minute":156652,"minecraft:bell_ring":8,"minecraft:leave_game":6,"minecraft:time_since_death":56770,"minecraft:sleep_in_bed":1,"minecraft:climb_one_cm":1009,"minecraft:time_since_rest":40752,"minecraft:sprint_one_cm":136474,"minecraft:damage_taken":765,"minecraft:walk_one_cm":316240,"minecraft:drop":1,"minecraft:damage_dealt":2282,"minecraft:talked_to_villager":5,"minecraft:fly_one_cm":22179,"minecraft:open_chest":18,"minecraft:crouch_one_cm":1,"minecraft:deaths":1,"minecraft:sneak_time":16,"minecraft:walk_under_water_one_cm":3797,"minecraft:jump":844,"minecraft:walk_on_water_one_cm":19152,"minecraft:fall_one_cm":8773}},"DataVersion":2586}