{"stats":{"minecraft:used":{"minecraft:wooden_axe":5,"minecraft:crafting_table":1},"minecraft:mined":{"minecraft:hay_block":12,"minecraft:grass":1,"minecraft:oak_log":6,"minecraft:crafting_table":1,"minecraft:oak_leaves":1},"minecraft:picked_up":{"minecraft:stick":1,"minecraft:crafting_table":1,"minecraft:hay_block":12,"minecraft:oak_log":6},"minecraft:custom":{"minecraft:crouch_one_cm":3,"minecraft:interact_with_smithing_table":1,"minecraft:time_since_rest":49739,"minecraft:play_one_minute":49739,"minecraft:sprint_one_cm":10660,"minecraft:walk_one_cm":28768,"minecraft:sneak_time":16,"minecraft:jump":93,"minecraft:leave_game":6,"minecraft:time_since_death":49739,"minecraft:climb_one_cm":312,"minecraft:interact_with_crafting_table":3,"minecraft:talked_to_villager":1,"minecraft:fall_one_cm":1883,"minecraft:fly_one_cm":17266},"minecraft:crafted":{"minecraft:oak_planks":12,"minecraft:crafting_table":1,"minecraft:stick":4,"minecraft:bread":36,"minecraft:wooden_pickaxe":1,"minecraft:wheat":108,"minecraft:wooden_axe":1}},"DataVersion":2586}