{"stats":{"minecraft:used":{"minecraft:mossy_stone_bricks":145,"minecraft:water_bucket":6,"minecraft:diorite":6,"minecraft:stone_pickaxe":77,"minecraft:oak_sign":7,"minecraft:wooden_pickaxe":17,"minecraft:shield":44,"minecraft:iron_sword":288,"byg:rocky_stone":4,"minecraft:torch":112,"minecraft:soul_sand":3,"minecraft:dirt":12,"minecraft:crafting_table":10,"minecraft:white_bed":2,"minecraft:stone_brick_wall":4,"minecraft:granite":8,"minecraft:glass":21,"minecraft:mossy_cobblestone_stairs":4,"minecraft:wooden_axe":15,"minecraft:oak_log":6,"minecraft:diamond_pickaxe":33,"minecraft:apple":1,"minecraft:iron_axe":4,"minecraft:bread":14,"minecraft:iron_pickaxe":457,"byg:soapstone":3,"byg:pendorite_sword":1,"minecraft:cobblestone":236,"minecraft:infested_mossy_stone_bricks":669,"minecraft:oak_sapling":20,"minecraft:porkchop":4,"minecraft:furnace":5,"minecraft:cooked_porkchop":6,"minecraft:bucket":11,"minecraft:yellow_bed":2,"minecraft:kelp":55,"minecraft:coarse_dirt":1,"minecraft:air":2,"minecraft:potato":16,"minecraft:dandelion":1},"minecraft:broken":{"minecraft:iron_pickaxe":1},"minecraft:mined":{"minecraft:diamond_ore":5,"minecraft:white_bed":1,"minecraft:jungle_leaves":1,"minecraft:crafting_table":8,"minecraft:torch":15,"minecraft:granite":8,"minecraft:cobblestone":35,"minecraft:lapis_ore":5,"minecraft:diorite":7,"minecraft:wall_torch":20,"minecraft:air":2,"minecraft:hay_block":31,"byg:soapstone":3,"minecraft:redstone_ore":5,"minecraft:coarse_dirt":1,"minecraft:furnace":3,"minecraft:iron_ore":117,"minecraft:andesite":7,"byg:overgrown_stone":1,"minecraft:yellow_bed":2,"minecraft:grass":13,"minecraft:oak_log":12,"minecraft:coal_ore":60,"minecraft:vine":6,"minecraft:iron_bars":2,"minecraft:gravel":1,"minecraft:dirt":9,"minecraft:cobweb":49,"byg:rocky_stone":4,"minecraft:stone":274,"minecraft:gold_ore":10,"minecraft:oak_leaves":1},"minecraft:dropped":{"minecraft:bread":1,"minecraft:wooden_pickaxe":1,"minecraft:iron_pickaxe":1},"minecraft:killed_by":{"minecraft:zombie":1,"minecraft:iron_golem":1},"minecraft:picked_up":{"minecraft:wooden_axe":2,"minecraft:crafting_table":10,"minecraft:coarse_dirt":1,"byg:soapstone":3,"minecraft:water_bucket":1,"minecraft:andesite":7,"minecraft:leather":20,"minecraft:wooden_pickaxe":3,"minecraft:oak_log":112,"minecraft:yellow_bed":2,"minecraft:gunpowder":6,"minecraft:dirt":8,"minecraft:lapis_lazuli":29,"minecraft:string":68,"minecraft:bone":13,"minecraft:apple":31,"minecraft:kelp":55,"minecraft:wheat_seeds":3,"minecraft:iron_ingot":4,"minecraft:beef":8,"minecraft:iron_ore":147,"minecraft:iron_pickaxe":1,"minecraft:furnace":4,"minecraft:stick":24,"minecraft:torch":47,"minecraft:dandelion":2,"minecraft:gravel":1,"minecraft:porkchop":25,"minecraft:ink_sac":9,"minecraft:diorite":6,"minecraft:white_bed":2,"minecraft:redstone":23,"minecraft:gold_ore":10,"minecraft:spider_eye":5,"minecraft:arrow":15,"minecraft:rotten_flesh":8,"minecraft:diamond":5,"minecraft:hay_block":31,"minecraft:granite":8,"minecraft:bread":35,"minecraft:oak_sapling":20,"minecraft:mutton":7,"minecraft:coal":87,"byg:rocky_stone":4,"minecraft:white_wool":4,"minecraft:cobblestone":314},"minecraft:killed":{"minecraft:cave_spider":13,"minecraft:pig":13,"minecraft:salmon":1,"minecraft:spider":1,"minecraft:creeper":2,"minecraft:sheep":4,"minecraft:skeleton":13,"minecraft:zombie":3,"minecraft:cow":3},"minecraft:custom":{"minecraft:interact_with_smithing_table":1,"minecraft:interact_with_furnace":19,"minecraft:mob_kills":53,"minecraft:interact_with_crafting_table":35,"goblintraders:trade_with_goblin":45,"minecraft:play_one_minute":396373,"minecraft:leave_game":40,"minecraft:time_since_death":243796,"minecraft:sleep_in_bed":14,"minecraft:climb_one_cm":13884,"minecraft:time_since_rest":90170,"minecraft:damage_taken":1664,"minecraft:sprint_one_cm":274898,"minecraft:walk_one_cm":582693,"minecraft:drop":3,"minecraft:damage_dealt":7161,"minecraft:swim_one_cm":1045,"minecraft:talked_to_villager":3,"minecraft:fly_one_cm":195538,"minecraft:open_chest":14,"minecraft:crouch_one_cm":273,"minecraft:sneak_time":609,"tombstone:undead_killed":15,"minecraft:deaths":2,"minecraft:walk_under_water_one_cm":63134,"minecraft:jump":1944,"minecraft:walk_on_water_one_cm":51901,"minecraft:fall_one_cm":19041},"minecraft:crafted":{"minecraft:oak_planks":52,"minecraft:emerald":10,"minecraft:cooked_porkchop":13,"minecraft:crafting_table":2,"minecraft:wooden_pickaxe":1,"minecraft:iron_helmet":1,"minecraft:iron_sword":2,"minecraft:furnace":3,"minecraft:bucket":2,"minecraft:bread":48,"minecraft:iron_boots":1,"minecraft:iron_chestplate":1,"minecraft:diamond_pickaxe":1,"minecraft:shield":1,"minecraft:iron_axe":1,"minecraft:stick":24,"minecraft:iron_ingot":102,"minecraft:iron_pickaxe":2,"minecraft:stone_pickaxe":1,"minecraft:wooden_axe":1,"minecraft:iron_leggings":1,"minecraft:gold_ingot":15,"minecraft:white_bed":1,"minecraft:torch":20,"minecraft:wheat":207}},"DataVersion":2586}