{"stats":{"minecraft:killed":{"minecraft:cave_spider":13,"minecraft:spider":5,"minecraft:skeleton":13,"minecraft:pig":13,"minecraft:salmon":1,"minecraft:creeper":2,"minecraft:sheep":4,"alexsmobs:cockroach":1,"minecraft:zombie":39,"minecraft:cow":3},"minecraft:mined":{"minecraft:diamond_ore":5,"minecraft:white_bed":1,"minecraft:jungle_leaves":1,"minecraft:granite":8,"minecraft:hay_block":31,"minecraft:redstone_ore":5,"minecraft:oak_trapdoor":2,"minecraft:furnace":3,"minecraft:iron_ore":117,"minecraft:andesite":7,"minecraft:vine":6,"minecraft:iron_bars":2,"byg:rocky_stone":4,"minecraft:stone":274,"minecraft:crafting_table":8,"minecraft:torch":15,"minecraft:cobblestone":35,"minecraft:lapis_ore":5,"minecraft:diorite":7,"minecraft:wall_torch":20,"minecraft:air":2,"byg:soapstone":3,"minecraft:coarse_dirt":1,"byg:overgrown_stone":1,"minecraft:yellow_bed":2,"minecraft:grass":13,"minecraft:oak_log":12,"minecraft:coal_ore":60,"minecraft:gravel":1,"minecraft:dirt":9,"minecraft:cobweb":49,"minecraft:polished_andesite":1,"minecraft:mossy_stone_bricks":2,"minecraft:gold_ore":10,"minecraft:oak_leaves":1},"minecraft:dropped":{"minecraft:bread":1,"minecraft:iron_pickaxe":1,"minecraft:wooden_pickaxe":1},"minecraft:crafted":{"minecraft:oak_planks":104,"minecraft:furnace":3,"minecraft:oak_trapdoor":8,"minecraft:hopper":1,"minecraft:iron_boots":1,"minecraft:iron_axe":1,"minecraft:stone_pickaxe":1,"minecraft:chest":5,"minecraft:wheat":207,"minecraft:emerald":10,"minecraft:cooked_porkchop":13,"minecraft:crafting_table":3,"minecraft:wooden_pickaxe":1,"minecraft:iron_helmet":1,"minecraft:iron_sword":2,"minecraft:bucket":2,"minecraft:bread":48,"minecraft:iron_chestplate":1,"minecraft:diamond_pickaxe":1,"minecraft:shield":1,"minecraft:stick":24,"minecraft:iron_ingot":106,"minecraft:iron_pickaxe":2,"minecraft:wooden_axe":1,"minecraft:gold_ingot":15,"minecraft:iron_leggings":1,"minecraft:white_bed":1,"minecraft:torch":20},"minecraft:custom":{"minecraft:interact_with_smithing_table":1,"minecraft:mob_kills":94,"minecraft:inspect_hopper":2,"minecraft:interact_with_crafting_table":40,"goblintraders:trade_with_goblin":47,"minecraft:leave_game":42,"minecraft:time_since_death":296294,"minecraft:climb_one_cm":13884,"minecraft:sprint_one_cm":311066,"minecraft:walk_one_cm":764374,"minecraft:drop":3,"minecraft:talked_to_villager":3,"minecraft:deaths":2,"minecraft:sneak_time":1367,"minecraft:walk_under_water_one_cm":77907,"minecraft:jump":2088,"minecraft:walk_on_water_one_cm":61082,"minecraft:interact_with_furnace":19,"minecraft:play_one_minute":448871,"minecraft:sleep_in_bed":14,"minecraft:time_since_rest":142668,"minecraft:damage_taken":1737,"minecraft:damage_dealt":9302,"minecraft:swim_one_cm":1045,"minecraft:fly_one_cm":200500,"minecraft:open_chest":24,"minecraft:crouch_one_cm":966,"tombstone:undead_killed":51,"minecraft:fall_one_cm":19041},"minecraft:picked_up":{"minecraft:wooden_axe":2,"minecraft:coarse_dirt":1,"minecraft:crafting_table":10,"byg:soapstone":3,"minecraft:chainmail_boots":1,"minecraft:leather_leggings":1,"minecraft:wooden_pickaxe":3,"minecraft:oak_trapdoor":6,"minecraft:string":68,"minecraft:wooden_sword":1,"minecraft:beef":8,"minecraft:iron_pickaxe":1,"minecraft:furnace":4,"minecraft:stick":24,"minecraft:torch":51,"minecraft:porkchop":25,"tombstone:grave_dust":3,"minecraft:diorite":6,"minecraft:carrot":1,"minecraft:redstone":23,"minecraft:rotten_flesh":36,"minecraft:stone_sword":1,"minecraft:arrow":15,"minecraft:stone_shovel":2,"minecraft:hay_block":31,"tombstone:essence_of_undeath":1,"minecraft:mutton":7,"minecraft:cobblestone":314,"byg:rocky_stone":4,"minecraft:white_wool":4,"minecraft:leather_chestplate":2,"minecraft:water_bucket":1,"minecraft:andesite":7,"minecraft:leather":20,"minecraft:oak_log":112,"minecraft:yellow_bed":2,"minecraft:gunpowder":6,"minecraft:lapis_lazuli":29,"minecraft:dirt":8,"minecraft:leather_boots":1,"minecraft:bone":13,"minecraft:apple":31,"minecraft:kelp":82,"minecraft:wheat_seeds":3,"minecraft:iron_ingot":4,"minecraft:iron_ore":147,"minecraft:mossy_stone_bricks":1,"minecraft:dandelion":2,"minecraft:gravel":1,"minecraft:ink_sac":9,"minecraft:white_bed":2,"minecraft:gold_ore":10,"minecraft:spider_eye":7,"minecraft:diamond":5,"minecraft:granite":8,"minecraft:bread":35,"minecraft:oak_sapling":20,"minecraft:coal":87},"minecraft:broken":{"minecraft:iron_pickaxe":1},"minecraft:killed_by":{"minecraft:iron_golem":1,"minecraft:zombie":1},"minecraft:used":{"minecraft:oak_trapdoor":10,"minecraft:oak_sign":14,"minecraft:chest":4,"minecraft:shield":44,"minecraft:iron_sword":379,"minecraft:torch":179,"minecraft:dirt":16,"minecraft:soul_sand":5,"minecraft:hopper":1,"minecraft:granite":8,"minecraft:mossy_cobblestone_stairs":4,"minecraft:glass":41,"minecraft:wooden_axe":15,"minecraft:iron_axe":6,"minecraft:infested_mossy_stone_bricks":669,"minecraft:furnace":5,"minecraft:oak_sapling":20,"minecraft:potato":16,"minecraft:mossy_stone_bricks":541,"minecraft:water_bucket":11,"minecraft:diorite":6,"minecraft:stone_pickaxe":77,"minecraft:wooden_pickaxe":17,"minecraft:mossy_stone_brick_stairs":6,"byg:rocky_stone":4,"minecraft:crafting_table":11,"minecraft:white_bed":2,"minecraft:stone_brick_wall":8,"minecraft:oak_log":6,"minecraft:diamond_pickaxe":36,"minecraft:apple":1,"minecraft:bread":14,"minecraft:iron_pickaxe":457,"byg:soapstone":3,"byg:pendorite_sword":1,"minecraft:cobblestone":236,"minecraft:cooked_porkchop":8,"minecraft:porkchop":4,"minecraft:bucket":13,"minecraft:andesite":32,"minecraft:yellow_bed":2,"minecraft:kelp":82,"minecraft:air":2,"minecraft:coarse_dirt":1,"minecraft:dandelion":1}},"DataVersion":2586}