{"stats":{"minecraft:mined":{"minecraft:crafting_table":4,"minecraft:torch":8,"minecraft:cobblestone":2,"minecraft:wall_torch":8,"minecraft:air":2,"minecraft:hay_block":16,"minecraft:furnace":1,"minecraft:iron_ore":75,"minecraft:yellow_bed":2,"minecraft:grass":2,"minecraft:oak_log":11,"minecraft:coal_ore":52,"minecraft:gravel":1,"minecraft:stone":39,"minecraft:oak_leaves":1},"minecraft:killed":{"minecraft:pig":8,"minecraft:creeper":1,"minecraft:skeleton":3,"minecraft:zombie":1},"minecraft:crafted":{"minecraft:oak_planks":52,"minecraft:cooked_porkchop":1,"minecraft:crafting_table":1,"minecraft:wooden_pickaxe":1,"minecraft:iron_sword":1,"minecraft:furnace":2,"minecraft:bread":48,"minecraft:shield":1,"minecraft:stick":24,"minecraft:iron_ingot":8,"minecraft:iron_pickaxe":1,"minecraft:stone_pickaxe":1,"minecraft:wooden_axe":1,"minecraft:torch":20,"minecraft:wheat":144},"minecraft:killed_by":{"minecraft:zombie":1,"minecraft:iron_golem":1},"minecraft:custom":{"minecraft:interact_with_smithing_table":1,"minecraft:interact_with_furnace":14,"minecraft:mob_kills":13,"minecraft:interact_with_crafting_table":14,"minecraft:play_one_minute":236038,"minecraft:leave_game":36,"minecraft:time_since_death":83461,"minecraft:sleep_in_bed":10,"minecraft:climb_one_cm":2746,"minecraft:time_since_rest":23871,"minecraft:sprint_one_cm":74758,"minecraft:damage_taken":779,"minecraft:walk_one_cm":230834,"minecraft:drop":2,"minecraft:damage_dealt":1736,"minecraft:talked_to_villager":2,"minecraft:fly_one_cm":77618,"minecraft:open_chest":14,"minecraft:crouch_one_cm":3,"tombstone:undead_killed":3,"minecraft:deaths":2,"minecraft:sneak_time":45,"minecraft:walk_under_water_one_cm":138,"minecraft:jump":732,"minecraft:walk_on_water_one_cm":5424,"minecraft:fall_one_cm":9215},"minecraft:dropped":{"minecraft:bread":1,"minecraft:wooden_pickaxe":1},"minecraft:picked_up":{"minecraft:wooden_axe":2,"minecraft:crafting_table":6,"minecraft:leather":18,"minecraft:wooden_pickaxe":3,"minecraft:oak_log":20,"minecraft:yellow_bed":2,"minecraft:gunpowder":6,"minecraft:bone":3,"minecraft:apple":26,"minecraft:wheat_seeds":2,"minecraft:iron_ore":107,"minecraft:furnace":2,"minecraft:stick":7,"minecraft:torch":16,"minecraft:gravel":1,"minecraft:porkchop":16,"minecraft:ink_sac":9,"minecraft:white_bed":1,"minecraft:arrow":4,"minecraft:rotten_flesh":2,"minecraft:hay_block":16,"minecraft:bread":35,"minecraft:oak_sapling":5,"minecraft:coal":67,"minecraft:cobblestone":48},"minecraft:used":{"minecraft:stone_pickaxe":9,"minecraft:wooden_pickaxe":17,"minecraft:shield":4,"minecraft:iron_sword":37,"minecraft:torch":32,"minecraft:crafting_table":5,"minecraft:white_bed":1,"minecraft:oak_log":6,"minecraft:wooden_axe":9,"minecraft:apple":1,"minecraft:bread":6,"minecraft:iron_pickaxe":158,"byg:pendorite_sword":1,"minecraft:cobblestone":7,"minecraft:furnace":3,"minecraft:oak_sapling":5,"minecraft:yellow_bed":2,"minecraft:air":2}},"DataVersion":2586}