{"stats":{"minecraft:crafted":{"minecraft:oak_planks":12,"minecraft:crafting_table":1,"minecraft:stick":4,"minecraft:bread":36,"minecraft:wooden_pickaxe":1,"minecraft:wheat":108,"minecraft:wooden_axe":1},"minecraft:mined":{"minecraft:hay_block":12,"minecraft:grass":1,"minecraft:oak_log":6,"minecraft:crafting_table":1,"minecraft:oak_leaves":1},"minecraft:used":{"minecraft:wooden_axe":5,"minecraft:crafting_table":1},"minecraft:picked_up":{"minecraft:stick":1,"minecraft:crafting_table":1,"minecraft:hay_block":12,"minecraft:oak_log":6},"minecraft:custom":{"minecraft:interact_with_smithing_table":1,"minecraft:time_since_rest":23180,"minecraft:play_one_minute":23180,"minecraft:sprint_one_cm":10375,"minecraft:walk_one_cm":19699,"minecraft:jump":78,"minecraft:leave_game":3,"minecraft:time_since_death":23180,"minecraft:climb_one_cm":312,"minecraft:interact_with_crafting_table":3,"minecraft:talked_to_villager":1,"minecraft:fall_one_cm":1672,"minecraft:fly_one_cm":16187}},"DataVersion":2586}