{"stats":{"minecraft:custom":{"minecraft:interact_with_crafting_table":81,"goblintraders:trade_with_goblin":88,"minecraft:leave_game":42,"minecraft:time_since_death":198267,"minecraft:sprint_one_cm":805113,"minecraft:drop":18,"minecraft:talked_to_villager":3,"minecraft:deaths":4,"minecraft:jump":3740,"minecraft:walk_on_water_one_cm":89643,"minecraft:enchant_item":10,"minecraft:interact_with_furnace":51,"minecraft:play_one_minute":742531,"minecraft:sleep_in_bed":14,"minecraft:damage_dealt":25252,"minecraft:crouch_one_cm":1075,"tombstone:undead_killed":205,"minecraft:interact_with_smithing_table":6,"minecraft:mob_kills":324,"minecraft:interact_with_anvil":20,"minecraft:inspect_hopper":2,"minecraft:climb_one_cm":14395,"minecraft:walk_one_cm":2248569,"minecraft:sneak_time":1447,"minecraft:walk_under_water_one_cm":86125,"minecraft:time_since_rest":198020,"minecraft:damage_taken":6147,"minecraft:damage_absorbed":179,"minecraft:swim_one_cm":1045,"minecraft:fly_one_cm":324113,"minecraft:open_chest":98,"minecraft:fall_one_cm":31830},"minecraft:used":{"minecraft:oak_sign":14,"minecraft:chest":7,"minecraft:shield":103,"minecraft:stone":53,"minecraft:iron_sword":397,"minecraft:rotten_flesh":28,"minecraft:soul_sand":5,"minecraft:carrot":1,"enchantinginfuser:advanced_enchanting_infuser":2,"minecraft:obsidian":14,"minecraft:glass":53,"minecraft:lava_bucket":12,"minecraft:polished_andesite_stairs":15,"minecraft:stone_bricks":6,"minecraft:infested_mossy_stone_bricks":745,"minecraft:bow":25,"minecraft:furnace":15,"minecraft:oak_sapling":20,"minecraft:potato":16,"minecraft:mossy_stone_bricks":544,"minecraft:diorite":6,"minecraft:stone_pickaxe":77,"minecraft:oak_planks":36,"minecraft:wooden_pickaxe":17,"minecraft:mossy_stone_brick_stairs":6,"minecraft:golden_apple":7,"minecraft:stone_brick_wall":8,"minecraft:redstone_torch":15,"minecraft:sticky_piston":1,"minecraft:lever":3,"minecraft:bread":18,"byg:pendorite_sword":1,"minecraft:gravel":9,"minecraft:diamond_sword":427,"minecraft:smithing_table":1,"minecraft:andesite":72,"minecraft:air":2,"minecraft:coarse_dirt":1,"minecraft:golden_pickaxe":421,"minecraft:oak_trapdoor":10,"minecraft:netherite_sword":36,"minecraft:iron_bars":6,"minecraft:flint_and_steel":44,"minecraft:redstone":9,"minecraft:netherrack":116,"minecraft:torch":455,"minecraft:dirt":16,"minecraft:anvil":2,"minecraft:hopper":2,"minecraft:granite":13,"minecraft:mossy_cobblestone_stairs":4,"minecraft:wooden_axe":15,"minecraft:bookshelf":83,"minecraft:iron_axe":6,"minecraft:oak_stairs":2,"minecraft:basalt":73,"minecraft:netherite_pickaxe":6067,"minecraft:cooked_beef":10,"minecraft:cooked_mutton":7,"minecraft:water_bucket":35,"minecraft:polished_andesite":41,"byg:rocky_stone":31,"minecraft:cracked_stone_bricks":2,"minecraft:tnt":3,"minecraft:crafting_table":13,"minecraft:white_bed":2,"minecraft:infested_stone_bricks":12,"minecraft:oak_log":6,"minecraft:piston":3,"minecraft:diamond_pickaxe":5778,"minecraft:apple":9,"minecraft:iron_pickaxe":1789,"byg:soapstone":7,"minecraft:chiseled_stone_bricks":1,"minecraft:cobblestone":326,"minecraft:potion":1,"minecraft:cooked_porkchop":21,"minecraft:porkchop":4,"minecraft:bucket":50,"minecraft:yellow_bed":2,"minecraft:kelp":82,"minecraft:dandelion":1,"minecraft:soul_torch":7},"minecraft:dropped":{"minecraft:leather_helmet":1,"minecraft:iron_pickaxe":1,"minecraft:leather_chestplate":4,"minecraft:quartz_block":1,"minecraft:chainmail_boots":1,"minecraft:bread":1,"minecraft:cobblestone":1,"tombstone:grave_dust":3,"minecraft:stone":30,"tombstone:essence_of_undeath":1,"minecraft:bow":2,"minecraft:wooden_pickaxe":1},"minecraft:broken":{"minecraft:golden_helmet":1,"minecraft:iron_boots":2,"minecraft:iron_chestplate":1,"minecraft:iron_leggings":1,"minecraft:iron_pickaxe":3,"minecraft:iron_helmet":1,"minecraft:golden_pickaxe":6},"minecraft:killed":{"minecraft:cave_spider":15,"minecraft:zombified_piglin":2,"minecraft:spider":17,"minecraft:skeleton":140,"minecraft:silverfish":11,"alexsmobs:straddler":2,"minecraft:magma_cube":14,"minecraft:piglin":1,"minecraft:pig":13,"minecraft:zombie_villager":1,"minecraft:salmon":1,"alexsmobs:stradpole":3,"minecraft:creeper":3,"minecraft:sheep":4,"minecraft:zombie":60,"minecraft:stray":3,"minecraft:blaze":6,"minecraft:cow":3,"alexsmobs:dropbear":1,"alexsmobs:cockroach":1},"minecraft:mined":{"minecraft:white_bed":1,"minecraft:jungle_leaves":1,"minecraft:obsidian":22,"minecraft:granite":65,"minecraft:nether_wart":6,"minecraft:chiseled_stone_bricks":2,"minecraft:spawner":12,"minecraft:magma_block":13,"minecraft:iron_ore":208,"minecraft:fire":29,"minecraft:twisting_vines":3,"minecraft:iron_bars":17,"minecraft:soul_wall_torch":6,"minecraft:quartz_block":1,"minecraft:blackstone":110,"minecraft:twisting_vines_plant":1,"minecraft:torch":35,"minecraft:polished_andesite_stairs":8,"minecraft:chest":1,"minecraft:nether_brick_slab":2,"minecraft:nether_quartz_ore":60,"minecraft:cobblestone":41,"minecraft:oak_planks":6,"minecraft:wall_torch":70,"minecraft:warped_nylium":20,"byg:soapstone":30,"byg:overgrown_stone":1,"minecraft:warped_fungus":1,"minecraft:stone_brick_stairs":2,"minecraft:grass":13,"minecraft:infested_mossy_stone_bricks":16,"minecraft:oak_log":12,"minecraft:dirt":27,"minecraft:infested_cracked_stone_bricks":1,"minecraft:netherrack":10905,"minecraft:ancient_debris":17,"minecraft:piston":3,"minecraft:oak_leaves":1,"minecraft:nether_gold_ore":11,"minecraft:diamond_ore":6,"minecraft:mossy_cobblestone":7,"minecraft:nether_brick_wall":2,"minecraft:lever":1,"minecraft:nether_bricks":10,"minecraft:redstone_wire":5,"minecraft:hay_block":31,"minecraft:redstone_ore":18,"minecraft:oak_trapdoor":2,"minecraft:furnace":4,"minecraft:andesite":48,"minecraft:mossy_stone_brick_stairs":2,"minecraft:bookshelf":8,"minecraft:vine":6,"minecraft:rail":1,"byg:rocky_stone":68,"minecraft:stone":1855,"minecraft:redstone_wall_torch":6,"minecraft:podzol":1,"minecraft:redstone_block":4,"minecraft:infested_stone_bricks":1,"minecraft:soul_torch":2,"minecraft:basalt":106,"minecraft:warped_fence":1,"minecraft:crafting_table":9,"minecraft:warped_roots":6,"minecraft:lapis_ore":9,"minecraft:diorite":41,"minecraft:warped_wart_block":2,"minecraft:air":2,"minecraft:coarse_dirt":1,"byg:scoria_stone":15,"minecraft:yellow_bed":2,"minecraft:coal_ore":144,"minecraft:gravel":44,"enchantinginfuser:advanced_enchanting_infuser":1,"minecraft:cobweb":49,"minecraft:cracked_stone_bricks":13,"minecraft:polished_andesite":27,"minecraft:stone_bricks":8,"minecraft:mossy_stone_bricks":14,"minecraft:gold_ore":50,"minecraft:infested_stone":3},"minecraft:picked_up":{"minecraft:wooden_axe":2,"minecraft:chainmail_boots":4,"minecraft:redstone_block":4,"minecraft:anvil":1,"minecraft:oak_stairs":2,"enchantinginfuser:advanced_enchanting_infuser":1,"minecraft:string":100,"minecraft:sticky_piston":1,"alexsmobs:dropbear_claw":4,"minecraft:gold_nugget":4,"minecraft:bucket":1,"minecraft:redstone_torch":6,"minecraft:iron_pickaxe":1,"minecraft:furnace":13,"minecraft:golden_helmet":1,"minecraft:tipped_arrow":1,"minecraft:stick":24,"minecraft:torch":155,"byg:anthracite":7,"minecraft:porkchop":25,"tombstone:grave_dust":15,"minecraft:diorite":8,"minecraft:quartz_block":2,"minecraft:stone_sword":1,"minecraft:rotten_flesh":71,"minecraft:bookshelf":7,"minecraft:blaze_rod":4,"minecraft:obsidian":23,"minecraft:iron_bars":15,"minecraft:cobblestone":506,"minecraft:magma_block":13,"minecraft:leather_chestplate":6,"minecraft:water_bucket":1,"minecraft:andesite":47,"minecraft:potato":1,"minecraft:flint":1,"minecraft:lapis_lazuli":60,"minecraft:dirt":27,"minecraft:twisting_vines":2,"minecraft:leather_boots":1,"minecraft:bone":137,"minecraft:bow":10,"minecraft:wheat_seeds":3,"minecraft:mossy_stone_bricks":4,"minecraft:oak_planks":6,"minecraft:ink_sac":9,"minecraft:mossy_cobblestone":7,"minecraft:polished_andesite":61,"minecraft:diamond":9,"minecraft:lever":2,"minecraft:granite":30,"minecraft:golden_apple":1,"minecraft:bread":35,"minecraft:oak_sapling":20,"minecraft:netherrack":1118,"minecraft:crafting_table":11,"minecraft:coarse_dirt":1,"byg:soapstone":8,"minecraft:leather_leggings":1,"minecraft:wooden_pickaxe":3,"minecraft:oak_trapdoor":6,"minecraft:wooden_sword":1,"minecraft:flint_and_steel":1,"minecraft:blackstone":63,"minecraft:cracked_stone_bricks":4,"minecraft:beef":8,"minecraft:iron_nugget":16,"minecraft:chest":1,"minecraft:piston":3,"minecraft:stone":298,"minecraft:carrot":2,"minecraft:redstone":83,"minecraft:arrow":120,"minecraft:stone_shovel":2,"minecraft:hay_block":31,"minecraft:gold_ingot":1,"tombstone:essence_of_undeath":1,"minecraft:mutton":7,"byg:rocky_stone":35,"minecraft:white_wool":4,"minecraft:basalt":73,"minecraft:leather":20,"minecraft:oak_log":117,"minecraft:ancient_debris":17,"minecraft:yellow_bed":2,"minecraft:gunpowder":10,"minecraft:cooked_mutton":7,"minecraft:apple":31,"minecraft:stone_bricks":12,"minecraft:kelp":82,"byg:scoria_stone":2,"minecraft:iron_ingot":4,"minecraft:iron_ore":236,"minecraft:book":3,"minecraft:polished_andesite_stairs":11,"minecraft:chiseled_stone_bricks":2,"minecraft:quartz":48,"minecraft:dandelion":2,"minecraft:gravel":15,"minecraft:soul_torch":7,"minecraft:white_bed":2,"minecraft:gold_ore":50,"minecraft:spider_eye":26,"minecraft:leather_helmet":2,"minecraft:chainmail_leggings":4,"minecraft:redstone_ore":2,"tombstone:magic_scroll":1,"minecraft:coal":250},"minecraft:killed_by":{"minecraft:wither_skeleton":1,"minecraft:cave_spider":1,"minecraft:zombie":1,"minecraft:iron_golem":1},"minecraft:crafted":{"minecraft:oak_planks":124,"minecraft:lever":1,"minecraft:hopper":2,"minecraft:iron_boots":1,"minecraft:chest":8,"minecraft:emerald":18,"minecraft:cooked_porkchop":21,"minecraft:crafting_table":5,"minecraft:polished_andesite_stairs":8,"minecraft:wooden_pickaxe":1,"minecraft:iron_helmet":1,"minecraft:smithing_table":1,"minecraft:golden_pickaxe":6,"minecraft:sticky_piston":1,"minecraft:iron_chestplate":2,"minecraft:diamond_pickaxe":1,"minecraft:shield":1,"minecraft:stick":96,"minecraft:iron_pickaxe":5,"minecraft:iron_ingot":220,"minecraft:iron_block":6,"minecraft:gold_ingot":61,"minecraft:netherite_ingot":4,"minecraft:netherite_sword":1,"minecraft:furnace":11,"minecraft:piston":1,"minecraft:oak_trapdoor":8,"minecraft:flint_and_steel":1,"minecraft:netherite_chestplate":1,"minecraft:iron_axe":1,"minecraft:stone_pickaxe":1,"minecraft:netherite_scrap":19,"minecraft:wheat":207,"minecraft:cooked_beef":8,"minecraft:netherite_pickaxe":1,"minecraft:diamond_sword":1,"minecraft:iron_sword":2,"minecraft:bucket":2,"minecraft:bread":48,"minecraft:wooden_axe":1,"minecraft:iron_leggings":1,"minecraft:anvil":2,"minecraft:white_bed":1,"minecraft:torch":184}},"DataVersion":2586}