{"stats":{"minecraft:killed":{"minecraft:cave_spider":15,"minecraft:spider":17,"minecraft:skeleton":86,"minecraft:silverfish":3,"minecraft:pig":13,"minecraft:zombie_villager":1,"minecraft:salmon":1,"minecraft:creeper":3,"minecraft:sheep":4,"alexsmobs:cockroach":1,"minecraft:zombie":58,"minecraft:stray":3,"minecraft:cow":3},"minecraft:mined":{"minecraft:diamond_ore":6,"minecraft:white_bed":1,"minecraft:mossy_cobblestone":7,"minecraft:jungle_leaves":1,"minecraft:obsidian":20,"minecraft:nether_bricks":8,"minecraft:granite":61,"minecraft:chiseled_stone_bricks":1,"minecraft:spawner":10,"minecraft:hay_block":31,"minecraft:redstone_ore":18,"minecraft:oak_trapdoor":2,"minecraft:furnace":3,"minecraft:iron_ore":208,"minecraft:andesite":48,"minecraft:mossy_stone_brick_stairs":2,"minecraft:bookshelf":7,"minecraft:vine":6,"minecraft:iron_bars":17,"byg:rocky_stone":67,"minecraft:stone":1796,"minecraft:redstone_block":4,"minecraft:quartz_block":1,"minecraft:infested_stone_bricks":1,"minecraft:crafting_table":9,"minecraft:torch":30,"minecraft:chest":1,"minecraft:cobblestone":41,"minecraft:lapis_ore":9,"minecraft:oak_planks":6,"minecraft:diorite":41,"minecraft:wall_torch":52,"minecraft:air":2,"byg:soapstone":30,"minecraft:coarse_dirt":1,"byg:scoria_stone":15,"byg:overgrown_stone":1,"minecraft:stone_brick_stairs":2,"minecraft:yellow_bed":2,"minecraft:infested_mossy_stone_bricks":2,"minecraft:grass":13,"minecraft:oak_log":12,"minecraft:coal_ore":142,"enchantinginfuser:advanced_enchanting_infuser":1,"minecraft:gravel":10,"minecraft:dirt":24,"minecraft:infested_cracked_stone_bricks":1,"minecraft:cobweb":49,"minecraft:cracked_stone_bricks":11,"minecraft:stone_bricks":8,"minecraft:polished_andesite":13,"minecraft:mossy_stone_bricks":14,"minecraft:gold_ore":50,"minecraft:oak_leaves":1},"minecraft:dropped":{"minecraft:bread":1,"minecraft:cobblestone":1,"minecraft:leather_helmet":1,"tombstone:grave_dust":2,"minecraft:iron_pickaxe":1,"minecraft:leather_chestplate":4,"minecraft:stone":30,"minecraft:quartz_block":1,"minecraft:chainmail_boots":1,"tombstone:essence_of_undeath":1,"minecraft:bow":2,"minecraft:wooden_pickaxe":1},"minecraft:crafted":{"minecraft:oak_planks":104,"minecraft:furnace":3,"minecraft:oak_trapdoor":8,"minecraft:hopper":2,"minecraft:iron_boots":1,"minecraft:iron_axe":1,"minecraft:stone_pickaxe":1,"minecraft:chest":8,"minecraft:wheat":207,"minecraft:cooked_beef":8,"minecraft:diamond_sword":1,"minecraft:emerald":10,"minecraft:cooked_porkchop":21,"minecraft:crafting_table":5,"minecraft:wooden_pickaxe":1,"minecraft:iron_helmet":1,"minecraft:iron_sword":2,"minecraft:bucket":2,"minecraft:bread":48,"minecraft:iron_chestplate":1,"minecraft:diamond_pickaxe":1,"minecraft:shield":1,"minecraft:stick":24,"minecraft:iron_ingot":156,"minecraft:iron_pickaxe":3,"minecraft:wooden_axe":1,"minecraft:iron_block":6,"minecraft:anvil":2,"minecraft:gold_ingot":33,"minecraft:iron_leggings":1,"minecraft:white_bed":1,"minecraft:torch":124},"minecraft:custom":{"minecraft:interact_with_smithing_table":1,"minecraft:interact_with_anvil":4,"minecraft:mob_kills":224,"minecraft:inspect_hopper":2,"minecraft:interact_with_crafting_table":48,"goblintraders:trade_with_goblin":78,"minecraft:leave_game":42,"minecraft:time_since_death":36607,"minecraft:climb_one_cm":14177,"minecraft:sprint_one_cm":596736,"minecraft:walk_one_cm":1378771,"minecraft:drop":17,"minecraft:talked_to_villager":3,"minecraft:deaths":4,"minecraft:sneak_time":1417,"minecraft:walk_under_water_one_cm":85165,"minecraft:jump":2649,"minecraft:walk_on_water_one_cm":88469,"minecraft:enchant_item":3,"minecraft:interact_with_furnace":25,"minecraft:play_one_minute":580871,"minecraft:sleep_in_bed":14,"minecraft:time_since_rest":36360,"minecraft:damage_taken":4813,"minecraft:damage_absorbed":179,"minecraft:damage_dealt":20370,"minecraft:swim_one_cm":1045,"minecraft:fly_one_cm":234597,"minecraft:open_chest":83,"minecraft:crouch_one_cm":1032,"tombstone:undead_killed":147,"minecraft:fall_one_cm":22385},"minecraft:picked_up":{"minecraft:wooden_axe":2,"minecraft:coarse_dirt":1,"minecraft:crafting_table":11,"byg:soapstone":8,"minecraft:redstone_block":4,"minecraft:chainmail_boots":2,"minecraft:anvil":1,"minecraft:leather_leggings":1,"minecraft:wooden_pickaxe":3,"minecraft:oak_stairs":2,"enchantinginfuser:advanced_enchanting_infuser":1,"minecraft:oak_trapdoor":6,"minecraft:string":100,"minecraft:wooden_sword":1,"minecraft:cracked_stone_bricks":2,"minecraft:bucket":1,"minecraft:beef":8,"minecraft:iron_pickaxe":1,"minecraft:chest":1,"minecraft:furnace":4,"minecraft:tipped_arrow":1,"minecraft:golden_helmet":1,"minecraft:stick":24,"minecraft:stone":283,"minecraft:torch":113,"minecraft:porkchop":25,"tombstone:grave_dust":11,"minecraft:diorite":8,"minecraft:carrot":1,"minecraft:redstone":80,"minecraft:quartz_block":2,"minecraft:rotten_flesh":67,"minecraft:stone_sword":1,"minecraft:arrow":76,"minecraft:stone_shovel":2,"minecraft:hay_block":31,"minecraft:bookshelf":7,"tombstone:essence_of_undeath":1,"minecraft:obsidian":19,"minecraft:mutton":7,"minecraft:iron_bars":15,"minecraft:cobblestone":443,"byg:rocky_stone":34,"minecraft:white_wool":4,"minecraft:leather_chestplate":6,"minecraft:water_bucket":1,"minecraft:andesite":47,"minecraft:leather":20,"minecraft:potato":1,"minecraft:oak_log":117,"minecraft:yellow_bed":2,"minecraft:gunpowder":10,"minecraft:lapis_lazuli":60,"minecraft:dirt":23,"minecraft:leather_boots":1,"minecraft:bone":81,"minecraft:apple":31,"minecraft:stone_bricks":12,"byg:scoria_stone":2,"minecraft:kelp":82,"minecraft:bow":6,"minecraft:wheat_seeds":3,"minecraft:iron_ingot":4,"minecraft:iron_ore":236,"minecraft:mossy_stone_bricks":1,"minecraft:oak_planks":6,"minecraft:polished_andesite_stairs":3,"minecraft:chiseled_stone_bricks":1,"minecraft:dandelion":2,"minecraft:gravel":1,"minecraft:mossy_cobblestone":7,"minecraft:ink_sac":9,"minecraft:white_bed":2,"minecraft:gold_ore":50,"minecraft:spider_eye":26,"minecraft:leather_helmet":2,"minecraft:polished_andesite":47,"minecraft:diamond":9,"minecraft:chainmail_leggings":2,"minecraft:redstone_ore":2,"minecraft:granite":24,"minecraft:golden_apple":1,"tombstone:magic_scroll":1,"minecraft:bread":35,"minecraft:oak_sapling":20,"minecraft:coal":239},"minecraft:killed_by":{"minecraft:wither_skeleton":1,"minecraft:iron_golem":1,"minecraft:cave_spider":1,"minecraft:zombie":1},"minecraft:broken":{"minecraft:golden_helmet":1,"minecraft:iron_boots":1,"minecraft:iron_chestplate":1,"minecraft:iron_leggings":1,"minecraft:iron_pickaxe":2,"minecraft:iron_helmet":1},"minecraft:used":{"minecraft:oak_trapdoor":10,"minecraft:iron_bars":6,"minecraft:oak_sign":14,"minecraft:chest":6,"minecraft:shield":73,"minecraft:stone":38,"minecraft:iron_sword":397,"minecraft:torch":355,"minecraft:dirt":16,"minecraft:soul_sand":5,"minecraft:anvil":2,"minecraft:hopper":2,"minecraft:granite":9,"enchantinginfuser:advanced_enchanting_infuser":2,"minecraft:mossy_cobblestone_stairs":4,"minecraft:glass":53,"minecraft:wooden_axe":15,"minecraft:bookshelf":82,"minecraft:iron_axe":6,"minecraft:oak_stairs":2,"minecraft:infested_mossy_stone_bricks":745,"minecraft:bow":18,"minecraft:furnace":6,"minecraft:oak_sapling":20,"minecraft:cooked_beef":8,"minecraft:potato":16,"minecraft:mossy_stone_bricks":541,"minecraft:water_bucket":34,"minecraft:diorite":6,"minecraft:polished_andesite":7,"minecraft:stone_pickaxe":77,"minecraft:oak_planks":36,"minecraft:wooden_pickaxe":17,"minecraft:mossy_stone_brick_stairs":6,"byg:rocky_stone":16,"minecraft:golden_apple":7,"minecraft:crafting_table":13,"minecraft:white_bed":2,"minecraft:stone_brick_wall":8,"minecraft:infested_stone_bricks":12,"minecraft:oak_log":6,"minecraft:diamond_pickaxe":1190,"minecraft:apple":1,"minecraft:bread":18,"minecraft:iron_pickaxe":1470,"byg:soapstone":3,"byg:pendorite_sword":1,"minecraft:diamond_sword":303,"minecraft:potion":1,"minecraft:cobblestone":307,"minecraft:cooked_porkchop":21,"minecraft:porkchop":4,"minecraft:bucket":37,"minecraft:andesite":62,"minecraft:yellow_bed":2,"minecraft:kelp":82,"minecraft:air":2,"minecraft:coarse_dirt":1,"minecraft:dandelion":1}},"DataVersion":2586}