{"stats":{"minecraft:killed":{"minecraft:cave_spider":14,"minecraft:spider":15,"minecraft:skeleton":58,"minecraft:silverfish":3,"minecraft:pig":13,"minecraft:salmon":1,"minecraft:creeper":3,"minecraft:sheep":4,"alexsmobs:cockroach":1,"minecraft:zombie":47,"minecraft:stray":1,"minecraft:cow":3},"minecraft:mined":{"minecraft:diamond_ore":5,"minecraft:white_bed":1,"minecraft:jungle_leaves":1,"minecraft:granite":8,"minecraft:chiseled_stone_bricks":1,"minecraft:spawner":2,"minecraft:hay_block":31,"minecraft:redstone_ore":5,"minecraft:oak_trapdoor":2,"minecraft:furnace":3,"minecraft:iron_ore":117,"minecraft:andesite":7,"minecraft:vine":6,"minecraft:iron_bars":16,"byg:rocky_stone":4,"minecraft:stone":282,"minecraft:crafting_table":8,"minecraft:torch":24,"minecraft:cobblestone":36,"minecraft:lapis_ore":5,"minecraft:oak_planks":3,"minecraft:diorite":7,"minecraft:wall_torch":33,"minecraft:air":2,"byg:soapstone":3,"minecraft:coarse_dirt":1,"byg:overgrown_stone":1,"minecraft:yellow_bed":2,"minecraft:infested_mossy_stone_bricks":2,"minecraft:grass":13,"minecraft:oak_log":12,"minecraft:coal_ore":60,"enchantinginfuser:advanced_enchanting_infuser":1,"minecraft:gravel":1,"minecraft:dirt":9,"minecraft:infested_cracked_stone_bricks":1,"minecraft:cobweb":49,"minecraft:polished_andesite":2,"minecraft:mossy_stone_bricks":3,"minecraft:gold_ore":10,"minecraft:oak_leaves":1},"minecraft:dropped":{"minecraft:bread":1,"minecraft:cobblestone":1,"tombstone:grave_dust":1,"minecraft:iron_pickaxe":1,"minecraft:leather_chestplate":4,"minecraft:chainmail_boots":1,"tombstone:essence_of_undeath":1,"minecraft:bow":2,"minecraft:wooden_pickaxe":1},"minecraft:crafted":{"minecraft:oak_planks":104,"minecraft:furnace":3,"minecraft:oak_trapdoor":8,"minecraft:hopper":2,"minecraft:iron_boots":1,"minecraft:iron_axe":1,"minecraft:stone_pickaxe":1,"minecraft:chest":7,"minecraft:wheat":207,"minecraft:cooked_beef":8,"minecraft:diamond_sword":1,"minecraft:emerald":10,"minecraft:cooked_porkchop":21,"minecraft:crafting_table":4,"minecraft:wooden_pickaxe":1,"minecraft:iron_helmet":1,"minecraft:iron_sword":2,"minecraft:bucket":2,"minecraft:bread":48,"minecraft:iron_chestplate":1,"minecraft:diamond_pickaxe":1,"minecraft:shield":1,"minecraft:stick":24,"minecraft:iron_ingot":106,"minecraft:iron_pickaxe":3,"minecraft:wooden_axe":1,"minecraft:gold_ingot":15,"minecraft:iron_leggings":1,"minecraft:white_bed":1,"minecraft:torch":88},"minecraft:custom":{"minecraft:interact_with_smithing_table":1,"minecraft:mob_kills":174,"minecraft:inspect_hopper":2,"minecraft:interact_with_crafting_table":44,"goblintraders:trade_with_goblin":47,"minecraft:leave_game":42,"minecraft:time_since_death":344294,"minecraft:climb_one_cm":13884,"minecraft:sprint_one_cm":434299,"minecraft:walk_one_cm":986434,"minecraft:drop":13,"minecraft:talked_to_villager":3,"minecraft:deaths":2,"minecraft:sneak_time":1389,"minecraft:walk_under_water_one_cm":84111,"minecraft:jump":2192,"minecraft:walk_on_water_one_cm":81214,"minecraft:enchant_item":2,"minecraft:interact_with_furnace":24,"minecraft:play_one_minute":496871,"minecraft:sleep_in_bed":14,"minecraft:time_since_rest":190668,"minecraft:damage_taken":3343,"minecraft:damage_absorbed":25,"minecraft:damage_dealt":15807,"minecraft:swim_one_cm":1045,"minecraft:fly_one_cm":207433,"minecraft:open_chest":47,"minecraft:crouch_one_cm":1029,"tombstone:undead_killed":105,"minecraft:fall_one_cm":19041},"minecraft:picked_up":{"minecraft:wooden_axe":2,"minecraft:coarse_dirt":1,"minecraft:crafting_table":10,"byg:soapstone":3,"minecraft:chainmail_boots":2,"minecraft:leather_leggings":1,"minecraft:wooden_pickaxe":3,"minecraft:oak_stairs":2,"enchantinginfuser:advanced_enchanting_infuser":1,"minecraft:oak_trapdoor":6,"minecraft:string":93,"minecraft:wooden_sword":1,"minecraft:beef":8,"minecraft:iron_pickaxe":1,"minecraft:furnace":4,"minecraft:tipped_arrow":1,"minecraft:golden_helmet":1,"minecraft:stick":24,"minecraft:torch":80,"minecraft:porkchop":25,"tombstone:grave_dust":7,"minecraft:diorite":6,"minecraft:carrot":1,"minecraft:redstone":23,"minecraft:rotten_flesh":53,"minecraft:stone_sword":1,"minecraft:arrow":55,"minecraft:stone_shovel":2,"minecraft:hay_block":31,"tombstone:essence_of_undeath":1,"minecraft:mutton":7,"minecraft:iron_bars":13,"minecraft:cobblestone":326,"byg:rocky_stone":4,"minecraft:white_wool":4,"minecraft:leather_chestplate":6,"minecraft:water_bucket":1,"minecraft:andesite":7,"minecraft:leather":20,"minecraft:potato":1,"minecraft:oak_log":117,"minecraft:yellow_bed":2,"minecraft:gunpowder":10,"minecraft:lapis_lazuli":29,"minecraft:dirt":8,"minecraft:leather_boots":1,"minecraft:bone":66,"minecraft:apple":31,"minecraft:kelp":82,"minecraft:bow":3,"minecraft:wheat_seeds":3,"minecraft:iron_ingot":4,"minecraft:iron_ore":147,"minecraft:mossy_stone_bricks":1,"minecraft:oak_planks":3,"minecraft:polished_andesite_stairs":3,"minecraft:chiseled_stone_bricks":1,"minecraft:dandelion":2,"minecraft:gravel":1,"minecraft:ink_sac":9,"minecraft:white_bed":2,"minecraft:gold_ore":10,"minecraft:spider_eye":21,"minecraft:polished_andesite":2,"minecraft:diamond":5,"minecraft:chainmail_leggings":1,"minecraft:granite":8,"minecraft:bread":35,"minecraft:oak_sapling":20,"minecraft:coal":87},"minecraft:killed_by":{"minecraft:iron_golem":1,"minecraft:zombie":1},"minecraft:broken":{"minecraft:iron_boots":1,"minecraft:iron_chestplate":1,"minecraft:iron_leggings":1,"minecraft:iron_pickaxe":1,"minecraft:iron_helmet":1},"minecraft:used":{"minecraft:oak_trapdoor":10,"minecraft:iron_bars":6,"minecraft:oak_sign":14,"minecraft:chest":5,"minecraft:shield":62,"minecraft:iron_sword":397,"minecraft:torch":265,"minecraft:dirt":16,"minecraft:soul_sand":5,"minecraft:hopper":2,"minecraft:granite":8,"enchantinginfuser:advanced_enchanting_infuser":2,"minecraft:mossy_cobblestone_stairs":4,"minecraft:glass":53,"minecraft:wooden_axe":15,"minecraft:bookshelf":33,"minecraft:iron_axe":6,"minecraft:oak_stairs":2,"minecraft:infested_mossy_stone_bricks":745,"minecraft:furnace":6,"minecraft:oak_sapling":20,"minecraft:cooked_beef":1,"minecraft:potato":16,"minecraft:mossy_stone_bricks":541,"minecraft:water_bucket":13,"minecraft:diorite":6,"minecraft:stone_pickaxe":77,"minecraft:oak_planks":33,"minecraft:wooden_pickaxe":17,"minecraft:mossy_stone_brick_stairs":6,"byg:rocky_stone":4,"minecraft:golden_apple":1,"minecraft:crafting_table":12,"minecraft:white_bed":2,"minecraft:stone_brick_wall":8,"minecraft:infested_stone_bricks":12,"minecraft:oak_log":6,"minecraft:diamond_pickaxe":48,"minecraft:apple":1,"minecraft:bread":18,"minecraft:iron_pickaxe":478,"byg:soapstone":3,"byg:pendorite_sword":1,"minecraft:diamond_sword":142,"minecraft:cobblestone":307,"minecraft:cooked_porkchop":21,"minecraft:porkchop":4,"minecraft:bucket":15,"minecraft:andesite":32,"minecraft:yellow_bed":2,"minecraft:kelp":82,"minecraft:air":2,"minecraft:coarse_dirt":1,"minecraft:dandelion":1}},"DataVersion":2586}