{"stats":{"minecraft:custom":{"minecraft:time_since_rest":3427,"minecraft:interact_with_smithing_table":1,"minecraft:sprint_one_cm":49459,"minecraft:damage_taken":299,"minecraft:walk_one_cm":139018,"minecraft:mob_kills":2,"minecraft:drop":2,"minecraft:damage_dealt":387,"minecraft:interact_with_crafting_table":3,"minecraft:talked_to_villager":2,"minecraft:fly_one_cm":56961,"minecraft:open_chest":13,"minecraft:play_one_minute":147370,"minecraft:crouch_one_cm":3,"minecraft:deaths":1,"minecraft:sneak_time":45,"minecraft:walk_under_water_one_cm":138,"minecraft:jump":443,"minecraft:leave_game":18,"minecraft:time_since_death":3423,"minecraft:walk_on_water_one_cm":742,"minecraft:sleep_in_bed":3,"minecraft:climb_one_cm":2370,"minecraft:fall_one_cm":6763},"minecraft:used":{"minecraft:wooden_axe":5,"minecraft:bread":2,"minecraft:wooden_pickaxe":3,"byg:pendorite_sword":1,"minecraft:cobblestone":1,"minecraft:crafting_table":1,"minecraft:white_bed":1,"minecraft:yellow_bed":2},"minecraft:killed":{"minecraft:zombie":1,"minecraft:creeper":1},"minecraft:crafted":{"minecraft:oak_planks":12,"minecraft:crafting_table":1,"minecraft:stick":4,"minecraft:wooden_pickaxe":1,"minecraft:wooden_axe":1,"minecraft:bread":36,"minecraft:wheat":108},"minecraft:killed_by":{"minecraft:iron_golem":1},"minecraft:dropped":{"minecraft:bread":1,"minecraft:wooden_pickaxe":1},"minecraft:mined":{"minecraft:hay_block":12,"minecraft:yellow_bed":2,"minecraft:crafting_table":1,"minecraft:grass":2,"minecraft:oak_log":6,"minecraft:coal_ore":2,"minecraft:cobblestone":1,"minecraft:oak_leaves":1},"minecraft:picked_up":{"minecraft:wooden_axe":1,"minecraft:stick":2,"minecraft:crafting_table":2,"minecraft:leather":6,"minecraft:wooden_pickaxe":2,"minecraft:oak_log":9,"minecraft:ink_sac":3,"minecraft:yellow_bed":2,"minecraft:white_bed":1,"minecraft:gunpowder":4,"minecraft:apple":5,"minecraft:wheat_seeds":2,"minecraft:hay_block":12,"minecraft:bread":35,"minecraft:coal":6,"minecraft:cobblestone":5}},"DataVersion":2586}