{"stats":{"minecraft:mined":{"minecraft:crafting_table":5,"minecraft:torch":10,"minecraft:cobblestone":9,"minecraft:wall_torch":10,"minecraft:air":2,"minecraft:hay_block":16,"minecraft:furnace":2,"minecraft:iron_ore":83,"minecraft:yellow_bed":2,"minecraft:grass":2,"minecraft:oak_log":11,"minecraft:coal_ore":52,"minecraft:gravel":1,"minecraft:stone":41,"minecraft:oak_leaves":1},"minecraft:killed":{"minecraft:pig":8,"minecraft:creeper":1,"minecraft:skeleton":3,"minecraft:zombie":1},"minecraft:crafted":{"minecraft:oak_planks":52,"minecraft:cooked_porkchop":1,"minecraft:crafting_table":2,"minecraft:wooden_pickaxe":1,"minecraft:iron_helmet":1,"minecraft:iron_sword":1,"minecraft:furnace":3,"minecraft:bread":48,"minecraft:iron_boots":1,"minecraft:iron_chestplate":1,"minecraft:shield":1,"minecraft:stick":24,"minecraft:iron_ingot":42,"minecraft:iron_pickaxe":1,"minecraft:stone_pickaxe":1,"minecraft:wooden_axe":1,"minecraft:iron_leggings":1,"minecraft:torch":20,"minecraft:wheat":144},"minecraft:killed_by":{"minecraft:zombie":1,"minecraft:iron_golem":1},"minecraft:custom":{"minecraft:interact_with_smithing_table":1,"minecraft:interact_with_furnace":16,"minecraft:mob_kills":13,"minecraft:interact_with_crafting_table":20,"minecraft:play_one_minute":259929,"minecraft:leave_game":37,"minecraft:time_since_death":107352,"minecraft:sleep_in_bed":10,"minecraft:climb_one_cm":2770,"minecraft:time_since_rest":47762,"minecraft:sprint_one_cm":80034,"minecraft:damage_taken":788,"minecraft:walk_one_cm":252419,"minecraft:drop":2,"minecraft:damage_dealt":1736,"minecraft:talked_to_villager":2,"minecraft:fly_one_cm":80574,"minecraft:open_chest":14,"minecraft:crouch_one_cm":3,"tombstone:undead_killed":3,"minecraft:deaths":2,"minecraft:sneak_time":45,"minecraft:walk_under_water_one_cm":138,"minecraft:jump":776,"minecraft:walk_on_water_one_cm":5424,"minecraft:fall_one_cm":9482},"minecraft:dropped":{"minecraft:bread":1,"minecraft:wooden_pickaxe":1},"minecraft:picked_up":{"minecraft:wooden_axe":2,"minecraft:crafting_table":7,"minecraft:leather":18,"minecraft:wooden_pickaxe":3,"minecraft:oak_log":20,"minecraft:yellow_bed":2,"minecraft:gunpowder":6,"minecraft:bone":3,"minecraft:apple":26,"minecraft:wheat_seeds":2,"minecraft:iron_ingot":4,"minecraft:iron_ore":115,"minecraft:furnace":3,"minecraft:stick":7,"minecraft:torch":20,"minecraft:gravel":1,"minecraft:porkchop":16,"minecraft:ink_sac":9,"minecraft:white_bed":1,"minecraft:arrow":4,"minecraft:rotten_flesh":2,"minecraft:hay_block":16,"minecraft:bread":35,"minecraft:oak_sapling":5,"minecraft:coal":76,"minecraft:cobblestone":56},"minecraft:used":{"minecraft:stone_pickaxe":9,"minecraft:wooden_pickaxe":17,"minecraft:shield":4,"minecraft:iron_sword":37,"minecraft:torch":33,"minecraft:crafting_table":6,"minecraft:white_bed":1,"minecraft:oak_log":6,"minecraft:wooden_axe":14,"minecraft:apple":1,"minecraft:bread":6,"minecraft:iron_pickaxe":176,"byg:pendorite_sword":1,"minecraft:cobblestone":22,"minecraft:furnace":4,"minecraft:oak_sapling":5,"minecraft:yellow_bed":2,"minecraft:air":2}},"DataVersion":2586}