{"stats":{"minecraft:used":{"minecraft:wooden_axe":5,"byg:pendorite_sword":1,"minecraft:crafting_table":1,"minecraft:yellow_bed":1,"minecraft:white_bed":1},"minecraft:killed":{"minecraft:creeper":1},"minecraft:crafted":{"minecraft:oak_planks":12,"minecraft:crafting_table":1,"minecraft:stick":4,"minecraft:wooden_pickaxe":1,"minecraft:wooden_axe":1,"minecraft:bread":36,"minecraft:wheat":108},"minecraft:picked_up":{"minecraft:stick":1,"minecraft:crafting_table":1,"minecraft:wooden_pickaxe":1,"minecraft:oak_log":6,"minecraft:yellow_bed":2,"minecraft:white_bed":1,"minecraft:gunpowder":2,"minecraft:hay_block":12,"minecraft:bread":1},"minecraft:mined":{"minecraft:hay_block":12,"minecraft:yellow_bed":2,"minecraft:crafting_table":1,"minecraft:grass":1,"minecraft:oak_log":6,"minecraft:oak_leaves":1},"minecraft:dropped":{"minecraft:bread":1,"minecraft:wooden_pickaxe":1},"minecraft:custom":{"minecraft:time_since_rest":604,"minecraft:interact_with_smithing_table":1,"minecraft:sprint_one_cm":21091,"minecraft:walk_one_cm":80637,"minecraft:mob_kills":1,"minecraft:drop":2,"minecraft:damage_dealt":200,"minecraft:talked_to_villager":1,"minecraft:interact_with_crafting_table":3,"minecraft:fly_one_cm":29558,"minecraft:open_chest":2,"minecraft:play_one_minute":117738,"minecraft:crouch_one_cm":3,"minecraft:sneak_time":45,"minecraft:walk_under_water_one_cm":138,"minecraft:jump":233,"minecraft:leave_game":11,"minecraft:walk_on_water_one_cm":333,"minecraft:time_since_death":117738,"minecraft:sleep_in_bed":3,"minecraft:climb_one_cm":608,"minecraft:fall_one_cm":2510}},"DataVersion":2586}