{"stats":{"minecraft:used":{"minecraft:wooden_axe":5,"minecraft:bread":1,"minecraft:wooden_pickaxe":2,"byg:pendorite_sword":1,"minecraft:crafting_table":1,"minecraft:white_bed":1,"minecraft:yellow_bed":2},"minecraft:killed":{"minecraft:zombie":1,"minecraft:creeper":1},"minecraft:crafted":{"minecraft:oak_planks":12,"minecraft:crafting_table":1,"minecraft:stick":4,"minecraft:wooden_pickaxe":1,"minecraft:wooden_axe":1,"minecraft:bread":36,"minecraft:wheat":108},"minecraft:picked_up":{"minecraft:stick":1,"minecraft:crafting_table":1,"minecraft:wooden_pickaxe":1,"minecraft:oak_log":6,"minecraft:white_bed":1,"minecraft:yellow_bed":2,"minecraft:gunpowder":2,"minecraft:wheat_seeds":1,"minecraft:hay_block":12,"minecraft:bread":1,"minecraft:coal":3,"minecraft:cobblestone":2},"minecraft:mined":{"minecraft:hay_block":12,"minecraft:yellow_bed":2,"minecraft:crafting_table":1,"minecraft:grass":2,"minecraft:coal_ore":2,"minecraft:oak_log":6,"minecraft:oak_leaves":1},"minecraft:dropped":{"minecraft:bread":1,"minecraft:wooden_pickaxe":1},"minecraft:custom":{"minecraft:time_since_rest":21762,"minecraft:interact_with_smithing_table":1,"minecraft:sprint_one_cm":43210,"minecraft:damage_taken":20,"minecraft:walk_one_cm":124762,"minecraft:mob_kills":2,"minecraft:drop":2,"minecraft:damage_dealt":372,"minecraft:talked_to_villager":1,"minecraft:interact_with_crafting_table":3,"minecraft:fly_one_cm":48415,"minecraft:open_chest":10,"minecraft:play_one_minute":138896,"minecraft:crouch_one_cm":3,"minecraft:sneak_time":45,"minecraft:walk_under_water_one_cm":138,"minecraft:jump":385,"minecraft:leave_game":17,"minecraft:walk_on_water_one_cm":742,"minecraft:time_since_death":138896,"minecraft:sleep_in_bed":3,"minecraft:climb_one_cm":2370,"minecraft:fall_one_cm":5509}},"DataVersion":2586}