{"stats":{"minecraft:mined":{"minecraft:diamond_ore":5,"minecraft:jungle_leaves":1,"minecraft:crafting_table":6,"minecraft:torch":14,"minecraft:granite":4,"minecraft:cobblestone":17,"minecraft:lapis_ore":5,"minecraft:diorite":7,"minecraft:wall_torch":14,"minecraft:air":2,"minecraft:hay_block":16,"byg:soapstone":3,"minecraft:redstone_ore":5,"minecraft:furnace":2,"minecraft:iron_ore":115,"minecraft:andesite":3,"minecraft:yellow_bed":2,"minecraft:grass":2,"minecraft:oak_log":11,"minecraft:coal_ore":52,"minecraft:vine":6,"minecraft:gravel":1,"byg:rocky_stone":2,"minecraft:cobweb":47,"minecraft:stone":76,"minecraft:gold_ore":10,"minecraft:oak_leaves":1},"minecraft:killed":{"minecraft:cave_spider":10,"minecraft:pig":8,"minecraft:creeper":1,"minecraft:skeleton":3,"minecraft:zombie":1},"minecraft:crafted":{"minecraft:oak_planks":52,"minecraft:emerald":10,"minecraft:cooked_porkchop":1,"minecraft:crafting_table":2,"minecraft:wooden_pickaxe":1,"minecraft:iron_helmet":1,"minecraft:iron_sword":1,"minecraft:furnace":3,"minecraft:bucket":2,"minecraft:bread":48,"minecraft:iron_boots":1,"minecraft:iron_chestplate":1,"minecraft:shield":1,"minecraft:stick":24,"minecraft:iron_ingot":102,"minecraft:iron_pickaxe":2,"minecraft:stone_pickaxe":1,"minecraft:wooden_axe":1,"minecraft:gold_ingot":15,"minecraft:iron_leggings":1,"minecraft:torch":20,"minecraft:wheat":144},"minecraft:killed_by":{"minecraft:zombie":1,"minecraft:iron_golem":1},"minecraft:custom":{"minecraft:interact_with_smithing_table":1,"minecraft:interact_with_furnace":16,"minecraft:mob_kills":23,"minecraft:interact_with_crafting_table":22,"goblintraders:trade_with_goblin":45,"minecraft:play_one_minute":283929,"minecraft:leave_game":37,"minecraft:time_since_death":131352,"minecraft:sleep_in_bed":10,"minecraft:climb_one_cm":13586,"minecraft:time_since_rest":71762,"minecraft:sprint_one_cm":132913,"minecraft:damage_taken":1353,"minecraft:walk_one_cm":364875,"minecraft:drop":2,"minecraft:damage_dealt":2865,"minecraft:talked_to_villager":2,"minecraft:fly_one_cm":85063,"minecraft:open_chest":14,"minecraft:crouch_one_cm":3,"tombstone:undead_killed":3,"minecraft:deaths":2,"minecraft:sneak_time":48,"minecraft:walk_under_water_one_cm":146,"minecraft:jump":1010,"minecraft:walk_on_water_one_cm":8134,"minecraft:fall_one_cm":9817},"minecraft:dropped":{"minecraft:bread":1,"minecraft:wooden_pickaxe":1},"minecraft:picked_up":{"minecraft:wooden_axe":2,"byg:soapstone":3,"minecraft:crafting_table":8,"minecraft:andesite":3,"minecraft:leather":18,"minecraft:wooden_pickaxe":3,"minecraft:oak_log":20,"minecraft:yellow_bed":2,"minecraft:gunpowder":6,"minecraft:lapis_lazuli":29,"minecraft:string":55,"minecraft:bone":3,"minecraft:apple":26,"minecraft:wheat_seeds":2,"minecraft:iron_ingot":4,"minecraft:iron_ore":145,"minecraft:furnace":3,"minecraft:stick":7,"minecraft:torch":27,"minecraft:gravel":1,"minecraft:porkchop":16,"minecraft:ink_sac":9,"minecraft:diorite":6,"minecraft:white_bed":1,"minecraft:gold_ore":10,"minecraft:redstone":23,"minecraft:spider_eye":2,"minecraft:arrow":4,"minecraft:rotten_flesh":2,"minecraft:diamond":5,"minecraft:hay_block":16,"minecraft:granite":4,"minecraft:bread":35,"minecraft:oak_sapling":5,"minecraft:coal":76,"byg:rocky_stone":2,"minecraft:cobblestone":97},"minecraft:used":{"minecraft:water_bucket":3,"minecraft:stone_pickaxe":9,"minecraft:wooden_pickaxe":17,"minecraft:shield":34,"minecraft:iron_sword":129,"minecraft:torch":51,"minecraft:crafting_table":7,"minecraft:white_bed":1,"minecraft:oak_log":6,"minecraft:wooden_axe":15,"minecraft:apple":1,"minecraft:bread":14,"minecraft:iron_pickaxe":304,"byg:pendorite_sword":1,"minecraft:cobblestone":54,"minecraft:cooked_porkchop":1,"minecraft:furnace":4,"minecraft:oak_sapling":5,"minecraft:bucket":4,"minecraft:yellow_bed":2,"minecraft:air":2,"minecraft:potato":16}},"DataVersion":2586}