{"stats":{"minecraft:killed":{"minecraft:zombie":1,"minecraft:creeper":1},"minecraft:crafted":{"minecraft:oak_planks":20,"minecraft:shield":1,"minecraft:crafting_table":1,"minecraft:stick":8,"minecraft:iron_ingot":8,"minecraft:wooden_pickaxe":1,"minecraft:iron_pickaxe":1,"minecraft:stone_pickaxe":1,"minecraft:wooden_axe":1,"minecraft:iron_sword":1,"minecraft:furnace":1,"minecraft:bread":48,"minecraft:wheat":144},"minecraft:used":{"minecraft:oak_log":1,"minecraft:wooden_axe":6,"minecraft:bread":2,"minecraft:stone_pickaxe":9,"minecraft:wooden_pickaxe":17,"byg:pendorite_sword":1,"minecraft:cobblestone":2,"minecraft:crafting_table":3,"minecraft:furnace":1,"minecraft:white_bed":1,"minecraft:yellow_bed":2},"minecraft:mined":{"minecraft:hay_block":16,"minecraft:iron_ore":8,"minecraft:yellow_bed":2,"minecraft:crafting_table":2,"minecraft:grass":2,"minecraft:oak_log":6,"minecraft:coal_ore":2,"minecraft:cobblestone":1,"minecraft:stone":14,"minecraft:oak_leaves":1},"minecraft:killed_by":{"minecraft:iron_golem":1,"minecraft:zombie":1},"minecraft:picked_up":{"minecraft:wooden_axe":2,"minecraft:stick":3,"minecraft:crafting_table":4,"minecraft:leather":18,"minecraft:wooden_pickaxe":3,"minecraft:oak_log":12,"minecraft:ink_sac":9,"minecraft:yellow_bed":2,"minecraft:white_bed":1,"minecraft:gunpowder":6,"minecraft:rotten_flesh":2,"minecraft:apple":15,"minecraft:wheat_seeds":2,"minecraft:hay_block":16,"minecraft:iron_ore":8,"minecraft:bread":35,"minecraft:coal":12,"minecraft:cobblestone":22},"minecraft:dropped":{"minecraft:bread":1,"minecraft:wooden_pickaxe":1},"minecraft:custom":{"minecraft:time_since_rest":10189,"minecraft:interact_with_smithing_table":1,"minecraft:sprint_one_cm":56686,"minecraft:damage_taken":529,"minecraft:walk_one_cm":177834,"minecraft:mob_kills":2,"minecraft:drop":2,"minecraft:damage_dealt":407,"minecraft:interact_with_crafting_table":11,"minecraft:talked_to_villager":2,"minecraft:fly_one_cm":66775,"minecraft:open_chest":14,"minecraft:play_one_minute":222356,"minecraft:crouch_one_cm":3,"minecraft:deaths":2,"minecraft:sneak_time":45,"minecraft:walk_under_water_one_cm":138,"minecraft:jump":529,"minecraft:leave_game":33,"minecraft:time_since_death":69779,"minecraft:walk_on_water_one_cm":742,"minecraft:sleep_in_bed":10,"minecraft:climb_one_cm":2746,"minecraft:fall_one_cm":7448,"minecraft:interact_with_furnace":10}},"DataVersion":2586}