{"stats":{"minecraft:crafted":{"minecraft:oak_planks":12,"minecraft:crafting_table":1,"minecraft:stick":4,"minecraft:bread":36,"minecraft:wooden_pickaxe":1,"minecraft:wheat":108,"minecraft:wooden_axe":1},"minecraft:killed":{"minecraft:creeper":1},"minecraft:used":{"minecraft:wooden_axe":5,"minecraft:crafting_table":1,"byg:pendorite_sword":1},"minecraft:picked_up":{"minecraft:crafting_table":1,"minecraft:stick":1,"minecraft:wooden_pickaxe":1,"minecraft:hay_block":12,"minecraft:oak_log":6,"minecraft:bread":1,"minecraft:gunpowder":2},"minecraft:mined":{"minecraft:hay_block":12,"minecraft:grass":1,"minecraft:oak_log":6,"minecraft:crafting_table":1,"minecraft:oak_leaves":1},"minecraft:custom":{"minecraft:play_one_minute":99933,"minecraft:interact_with_smithing_table":1,"minecraft:time_since_rest":99933,"minecraft:crouch_one_cm":3,"minecraft:sprint_one_cm":16377,"minecraft:walk_one_cm":65546,"minecraft:sneak_time":45,"minecraft:walk_under_water_one_cm":138,"minecraft:mob_kills":1,"minecraft:drop":2,"minecraft:jump":188,"minecraft:damage_dealt":200,"minecraft:walk_on_water_one_cm":333,"minecraft:leave_game":8,"minecraft:time_since_death":99933,"minecraft:climb_one_cm":608,"minecraft:interact_with_crafting_table":3,"minecraft:talked_to_villager":1,"minecraft:fall_one_cm":1883,"minecraft:fly_one_cm":25178},"minecraft:dropped":{"minecraft:wooden_pickaxe":1,"minecraft:bread":1}},"DataVersion":2586}